Reference ID,Category,Name,Tiers - Level 1 (from Child ERS(s)),Local Controls (Linked),Framework (from Local Controls (Linked)),Sort Order
ER-29,Policy,[Policy] Background Checks,Security,"REQ-11,A.06.01,REQ-11-SOC1,REQ-11-HIPAA,REQ-11,A.06.01,REQ-11-SOC1,REQ-11-HIPAA,REQ-11,A.06.01,REQ-11-SOC1,REQ-11-HIPAA,REQ-11,A.06.01,REQ-11-SOC1,REQ-11-HIPAA","SOC 2,ISO 27001/2 (2022),SOC 1,HIPAA Security,SOC 2,ISO 27001/2 (2022),SOC 1,HIPAA Security,SOC 2,ISO 27001/2 (2022),SOC 1,HIPAA Security,SOC 2,ISO 27001/2 (2022),SOC 1,HIPAA Security",28
ER-110,Policy,[Policy] Privacy Policy and Review,"Privacy - Data Controller,Privacy - Data Controller & Processor","A.05.34,REQ-78,REQ-80-C,REQ-81,REQ-83,REQ-92-C,REQ-77,A.05.34,REQ-78,REQ-80-C,REQ-81,REQ-83,REQ-92-C,REQ-77,A.05.34,A.05.34,A.05.34,REQ-78,REQ-80-C,REQ-81,REQ-83,REQ-92-C,REQ-77,REQ-78,REQ-80-C,REQ-81,REQ-83,REQ-92-C,REQ-77","ISO 27001/2 (2022),SOC 2,SOC 2,SOC 2,SOC 2,SOC 2,SOC 2,ISO 27001/2 (2022),SOC 2,SOC 2,SOC 2,SOC 2,SOC 2,SOC 2,ISO 27001/2 (2022),ISO 27001/2 (2022),ISO 27001/2 (2022),SOC 2,SOC 2,SOC 2,SOC 2,SOC 2,SOC 2,SOC 2,SOC 2,SOC 2,SOC 2,SOC 2,SOC 2",105
ER-159,Policy,[Policy] Employee Handbook,Security,"REQ-7,REQ-8,A.06.02,A.06.04,A.06.05,A.06.06,A.06.07,REQ-7-SOC1,REQ-8-SOC1,REQ-7-HIPAA,REQ-8-HIPAA,A.06.08,REQ-7,REQ-8,A.06.02,A.06.04,A.06.05,A.06.06,A.06.07,REQ-7-SOC1,REQ-8-SOC1,REQ-7-HIPAA,REQ-8-HIPAA,A.06.08,REQ-7,REQ-8,A.06.02,A.06.04,A.06.05,A.06.06,A.06.07,REQ-7-SOC1,REQ-8-SOC1,REQ-7-HIPAA,REQ-8-HIPAA,A.06.08,REQ-7,REQ-8,A.06.02,A.06.04,A.06.05,A.06.06,A.06.07,REQ-7-SOC1,REQ-8-SOC1,REQ-7-HIPAA,REQ-8-HIPAA,A.06.08,REQ-7,REQ-8,A.06.02,A.06.04,A.06.05,A.06.06,A.06.07,REQ-7-SOC1,REQ-8-SOC1,REQ-7-HIPAA,REQ-8-HIPAA,A.06.08,REQ-7,REQ-8,A.06.02,A.06.04,A.06.05,A.06.06,A.06.07,REQ-7-SOC1,REQ-8-SOC1,REQ-7-HIPAA,REQ-8-HIPAA,A.06.08,REQ-7,REQ-8,A.06.02,A.06.04,A.06.05,A.06.06,A.06.07,REQ-7-SOC1,REQ-8-SOC1,REQ-7-HIPAA,REQ-8-HIPAA,A.06.08","SOC 2,SOC 2,ISO 27001/2 (2022),ISO 27001/2 (2022),ISO 27001/2 (2022),ISO 27001/2 (2022),ISO 27001/2 (2022),SOC 1,SOC 1,HIPAA Security,HIPAA Security,ISO 27001/2 (2022),SOC 2,SOC 2,ISO 27001/2 (2022),ISO 27001/2 (2022),ISO 27001/2 (2022),ISO 27001/2 (2022),ISO 27001/2 (2022),SOC 1,SOC 1,HIPAA Security,HIPAA Security,ISO 27001/2 (2022),SOC 2,SOC 2,ISO 27001/2 (2022),ISO 27001/2 (2022),ISO 27001/2 (2022),ISO 27001/2 (2022),ISO 27001/2 (2022),SOC 1,SOC 1,HIPAA Security,HIPAA Security,ISO 27001/2 (2022),SOC 2,SOC 2,ISO 27001/2 (2022),ISO 27001/2 (2022),ISO 27001/2 (2022),ISO 27001/2 (2022),ISO 27001/2 (2022),SOC 1,SOC 1,HIPAA Security,HIPAA Security,ISO 27001/2 (2022),SOC 2,SOC 2,ISO 27001/2 (2022),ISO 27001/2 (2022),ISO 27001/2 (2022),ISO 27001/2 (2022),ISO 27001/2 (2022),SOC 1,SOC 1,HIPAA Security,HIPAA Security,ISO 27001/2 (2022),SOC 2,SOC 2,ISO 27001/2 (2022),ISO 27001/2 (2022),ISO 27001/2 (2022),ISO 27001/2 (2022),ISO 27001/2 (2022),SOC 1,SOC 1,HIPAA Security,HIPAA Security,ISO 27001/2 (2022),SOC 2,SOC 2,ISO 27001/2 (2022),ISO 27001/2 (2022),ISO 27001/2 (2022),ISO 27001/2 (2022),ISO 27001/2 (2022),SOC 1,SOC 1,HIPAA Security,HIPAA Security,ISO 27001/2 (2022)",153
ER-160,Policy,[Policy] Employee Confidentiality Agreement,Security,"REQ-9,A.06.06,REQ-9-SOC1,REQ-9-HIPAA,REQ-9,A.06.06,REQ-9-SOC1,REQ-9-HIPAA,REQ-9,A.06.06,REQ-9-SOC1,REQ-9-HIPAA,REQ-9,A.06.06,REQ-9-SOC1,REQ-9-HIPAA,REQ-9,A.06.06,REQ-9-SOC1,REQ-9-HIPAA,REQ-9,A.06.06,REQ-9-SOC1,REQ-9-HIPAA","SOC 2,ISO 27001/2 (2022),SOC 1,HIPAA Security,SOC 2,ISO 27001/2 (2022),SOC 1,HIPAA Security,SOC 2,ISO 27001/2 (2022),SOC 1,HIPAA Security,SOC 2,ISO 27001/2 (2022),SOC 1,HIPAA Security,SOC 2,ISO 27001/2 (2022),SOC 1,HIPAA Security,SOC 2,ISO 27001/2 (2022),SOC 1,HIPAA Security",154
ER-162,Policy,[Policy] Risk Committee or Board Charter,Security,"REQ-4,REQ-3,09.03.01,REQ-3-SOC1,REQ-4-SOC1","SOC 2,SOC 2,ISO 27001/2 (2022),SOC 1,SOC 1",156
ER-163,Operational,[Operational] Organizational Chart,Security,"REQ-16,A.05.02,A.05.03,REQ-16-SOC1,REQ-16-HIPAA,REQ-16,A.05.02,A.05.03,REQ-16-SOC1,REQ-16-HIPAA,REQ-16,A.05.02,A.05.03,REQ-16-SOC1,REQ-16-HIPAA,REQ-16,A.05.02,A.05.03,REQ-16-SOC1,REQ-16-HIPAA,REQ-16,A.05.02,A.05.03,REQ-16-SOC1,REQ-16-HIPAA,REQ-16,A.05.02,A.05.03,REQ-16-SOC1,REQ-16-HIPAA,REQ-16,A.05.02,A.05.03,REQ-16-SOC1,REQ-16-HIPAA","SOC 2,ISO 27001/2 (2022),ISO 27001/2 (2022),SOC 1,HIPAA Security,SOC 2,ISO 27001/2 (2022),ISO 27001/2 (2022),SOC 1,HIPAA Security,SOC 2,ISO 27001/2 (2022),ISO 27001/2 (2022),SOC 1,HIPAA Security,SOC 2,ISO 27001/2 (2022),ISO 27001/2 (2022),SOC 1,HIPAA Security,SOC 2,ISO 27001/2 (2022),ISO 27001/2 (2022),SOC 1,HIPAA Security,SOC 2,ISO 27001/2 (2022),ISO 27001/2 (2022),SOC 1,HIPAA Security,SOC 2,ISO 27001/2 (2022),ISO 27001/2 (2022),SOC 1,HIPAA Security",157
ER-164,Operational,[Operational] Security Roles and Responsibilities,Security,"REQ-2,05.03,A.05.02,A.05.03,A.05.04,REQ-2-SOC1,REQ-2-HIPAA,REQ-2,05.03,A.05.02,A.05.03,A.05.04,REQ-2-SOC1,REQ-2-HIPAA,REQ-2,05.03,A.05.02,A.05.03,A.05.04,REQ-2-SOC1,REQ-2-HIPAA,REQ-2,05.03,A.05.02,A.05.03,A.05.04,REQ-2-SOC1,REQ-2-HIPAA","SOC 2,ISO 27001/2 (2022),ISO 27001/2 (2022),ISO 27001/2 (2022),ISO 27001/2 (2022),SOC 1,HIPAA Security,SOC 2,ISO 27001/2 (2022),ISO 27001/2 (2022),ISO 27001/2 (2022),ISO 27001/2 (2022),SOC 1,HIPAA Security,SOC 2,ISO 27001/2 (2022),ISO 27001/2 (2022),ISO 27001/2 (2022),ISO 27001/2 (2022),SOC 1,HIPAA Security,SOC 2,ISO 27001/2 (2022),ISO 27001/2 (2022),ISO 27001/2 (2022),ISO 27001/2 (2022),SOC 1,HIPAA Security",158
ER-165,Policy,[Policy] Performance Reviews,Security,"REQ-14,REQ-14-SOC1","SOC 2,SOC 1",159
ER-166,Policy,[Policy] Change Management,Security,"REQ-53,A.08.32,REQ-53-SOC1,REQ-53-HIPAA,REQ-53,A.08.32,REQ-53-SOC1,REQ-53-HIPAA,REQ-53,A.08.32,REQ-53-SOC1,REQ-53-HIPAA","SOC 2,ISO 27001/2 (2022),SOC 1,HIPAA Security,SOC 2,ISO 27001/2 (2022),SOC 1,HIPAA Security,SOC 2,ISO 27001/2 (2022),SOC 1,HIPAA Security",160
ER-167,Policy,"[Policy] Customer Contract, Including Security Commitments",Security,"REQ-5,REQ-67,A.05.14,A.05.20,A.05.21,A.05.22,REQ-5-SOC1,REQ-67-HIPAA","SOC 2,SOC 2,ISO 27001/2 (2022),ISO 27001/2 (2022),ISO 27001/2 (2022),ISO 27001/2 (2022),SOC 1,HIPAA Security",161
ER-168,Operational,[Operational] Technical Support Resources for the Service,Security,"REQ-6,REQ-6-SOC1,REQ-6,REQ-6-SOC1,REQ-6,REQ-6-SOC1,REQ-6,REQ-6-SOC1,REQ-6,REQ-6-SOC1","SOC 2,SOC 1,SOC 2,SOC 1,SOC 2,SOC 1,SOC 2,SOC 1,SOC 2,SOC 1",162
ER-169,Policy,[Policy] Risk Management,Security,"REQ-17,REQ-18,REQ-19,REQ-20,06.01.01,08.01,08.02,REQ-17-SOC1,REQ-18-SOC1,REQ-19-SOC1,REQ-20-SOC1,REQ-17-HIPAA,REQ-20-HIPAA,06.01.02,06.01.03,08.03,REQ-17,REQ-18,REQ-19,REQ-20,06.01.01,08.01,08.02,REQ-17-SOC1,REQ-18-SOC1,REQ-19-SOC1,REQ-20-SOC1,REQ-17-HIPAA,REQ-20-HIPAA,06.01.02,06.01.03,08.03,REQ-17,REQ-18,REQ-19,REQ-20,06.01.01,08.01,08.02,REQ-17-SOC1,REQ-18-SOC1,REQ-19-SOC1,REQ-20-SOC1,REQ-17-HIPAA,REQ-20-HIPAA,06.01.02,06.01.03,08.03,REQ-17,REQ-18,REQ-19,REQ-20,06.01.01,08.01,08.02,REQ-17-SOC1,REQ-18-SOC1,REQ-19-SOC1,REQ-20-SOC1,REQ-17-HIPAA,REQ-20-HIPAA,06.01.02,06.01.03,08.03,REQ-17,REQ-18,REQ-19,REQ-20,06.01.01,08.01,08.02,REQ-17-SOC1,REQ-18-SOC1,REQ-19-SOC1,REQ-20-SOC1,REQ-17-HIPAA,REQ-20-HIPAA,06.01.02,06.01.03,08.03","SOC 2,SOC 2,SOC 2,SOC 2,ISO 27001/2 (2022),ISO 27001/2 (2022),ISO 27001/2 (2022),SOC 1,SOC 1,SOC 1,SOC 1,HIPAA Security,HIPAA Security,ISO 27001/2 (2022),ISO 27001/2 (2022),ISO 27001/2 (2022),SOC 2,SOC 2,SOC 2,SOC 2,ISO 27001/2 (2022),ISO 27001/2 (2022),ISO 27001/2 (2022),SOC 1,SOC 1,SOC 1,SOC 1,HIPAA Security,HIPAA Security,ISO 27001/2 (2022),ISO 27001/2 (2022),ISO 27001/2 (2022),SOC 2,SOC 2,SOC 2,SOC 2,ISO 27001/2 (2022),ISO 27001/2 (2022),ISO 27001/2 (2022),SOC 1,SOC 1,SOC 1,SOC 1,HIPAA Security,HIPAA Security,ISO 27001/2 (2022),ISO 27001/2 (2022),ISO 27001/2 (2022),SOC 2,SOC 2,SOC 2,SOC 2,ISO 27001/2 (2022),ISO 27001/2 (2022),ISO 27001/2 (2022),SOC 1,SOC 1,SOC 1,SOC 1,HIPAA Security,HIPAA Security,ISO 27001/2 (2022),ISO 27001/2 (2022),ISO 27001/2 (2022),SOC 2,SOC 2,SOC 2,SOC 2,ISO 27001/2 (2022),ISO 27001/2 (2022),ISO 27001/2 (2022),SOC 1,SOC 1,SOC 1,SOC 1,HIPAA Security,HIPAA Security,ISO 27001/2 (2022),ISO 27001/2 (2022),ISO 27001/2 (2022)",163
ER-170,Operational,[Operational] Risk Assessment,Security,"REQ-17,REQ-18,REQ-19,REQ-20,06.01.01,08.02,08.03,REQ-17-SOC1,REQ-18-SOC1,REQ-19-SOC1,REQ-20-SOC1,REQ-17-HIPAA,REQ-20-HIPAA,06.01.02,06.01.03,REQ-110-HIPAA,REQ-17,REQ-18,REQ-19,REQ-20,06.01.01,08.02,08.03,REQ-17-SOC1,REQ-18-SOC1,REQ-19-SOC1,REQ-20-SOC1,REQ-17-HIPAA,REQ-20-HIPAA,REQ-110-HIPAA,06.01.02,06.01.03,REQ-17,REQ-18,REQ-19,REQ-20,06.01.01,08.02,REQ-17-SOC1,REQ-18-SOC1,REQ-19-SOC1,REQ-20-SOC1,REQ-17-HIPAA,REQ-20-HIPAA,REQ-110-HIPAA,06.01.02,06.01.03,08.03,REQ-17,REQ-18,REQ-19,REQ-20,06.01.01,08.02,REQ-17-SOC1,REQ-18-SOC1,REQ-19-SOC1,REQ-20-SOC1,REQ-17-HIPAA,REQ-20-HIPAA,REQ-110-HIPAA,06.01.02,06.01.03,08.03,REQ-17,REQ-18,REQ-19,REQ-20,06.01.01,08.02,08.03,REQ-17-SOC1,REQ-18-SOC1,REQ-19-SOC1,REQ-20-SOC1,REQ-17-HIPAA,REQ-20-HIPAA,REQ-110-HIPAA,06.01.02,06.01.03,REQ-17,REQ-18,REQ-19,REQ-20,06.01.01,08.01,08.02,REQ-17-SOC1,REQ-18-SOC1,REQ-19-SOC1,REQ-20-SOC1,REQ-17-HIPAA,REQ-20-HIPAA,REQ-110-HIPAA,06.01.02,06.01.03,08.03,08.02,08.03,REQ-17,REQ-18,REQ-19,REQ-20,06.01.01,08.02,REQ-17-SOC1,REQ-18-SOC1,REQ-19-SOC1,REQ-20-SOC1,REQ-17-HIPAA,REQ-20-HIPAA,REQ-110-HIPAA,06.01.02,06.01.03,08.03,REQ-17,REQ-18,REQ-19,REQ-20,06.01.01,08.02,REQ-17-SOC1,REQ-18-SOC1,REQ-19-SOC1,REQ-20-SOC1,REQ-17-HIPAA,REQ-20-HIPAA,REQ-110-HIPAA,06.01.02,06.01.03,08.03,08.02,08.03,08.02,08.03,08.02,08.03,08.02,08.03","SOC 2,SOC 2,SOC 2,SOC 2,ISO 27001/2 (2022),ISO 27001/2 (2022),ISO 27001/2 (2022),SOC 1,SOC 1,SOC 1,SOC 1,HIPAA Security,HIPAA Security,ISO 27001/2 (2022),ISO 27001/2 (2022),HIPAA Security,SOC 2,SOC 2,SOC 2,SOC 2,ISO 27001/2 (2022),ISO 27001/2 (2022),ISO 27001/2 (2022),SOC 1,SOC 1,SOC 1,SOC 1,HIPAA Security,HIPAA Security,HIPAA Security,ISO 27001/2 (2022),ISO 27001/2 (2022),SOC 2,SOC 2,SOC 2,SOC 2,ISO 27001/2 (2022),ISO 27001/2 (2022),SOC 1,SOC 1,SOC 1,SOC 1,HIPAA Security,HIPAA Security,HIPAA Security,ISO 27001/2 (2022),ISO 27001/2 (2022),ISO 27001/2 (2022),SOC 2,SOC 2,SOC 2,SOC 2,ISO 27001/2 (2022),ISO 27001/2 (2022),SOC 1,SOC 1,SOC 1,SOC 1,HIPAA Security,HIPAA Security,HIPAA Security,ISO 27001/2 (2022),ISO 27001/2 (2022),ISO 27001/2 (2022),SOC 2,SOC 2,SOC 2,SOC 2,ISO 27001/2 (2022),ISO 27001/2 (2022),ISO 27001/2 (2022),SOC 1,SOC 1,SOC 1,SOC 1,HIPAA Security,HIPAA Security,HIPAA Security,ISO 27001/2 (2022),ISO 27001/2 (2022),SOC 2,SOC 2,SOC 2,SOC 2,ISO 27001/2 (2022),ISO 27001/2 (2022),ISO 27001/2 (2022),SOC 1,SOC 1,SOC 1,SOC 1,HIPAA Security,HIPAA Security,HIPAA Security,ISO 27001/2 (2022),ISO 27001/2 (2022),ISO 27001/2 (2022),ISO 27001/2 (2022),ISO 27001/2 (2022),SOC 2,SOC 2,SOC 2,SOC 2,ISO 27001/2 (2022),ISO 27001/2 (2022),SOC 1,SOC 1,SOC 1,SOC 1,HIPAA Security,HIPAA Security,HIPAA Security,ISO 27001/2 (2022),ISO 27001/2 (2022),ISO 27001/2 (2022),SOC 2,SOC 2,SOC 2,SOC 2,ISO 27001/2 (2022),ISO 27001/2 (2022),SOC 1,SOC 1,SOC 1,SOC 1,HIPAA Security,HIPAA Security,HIPAA Security,ISO 27001/2 (2022),ISO 27001/2 (2022),ISO 27001/2 (2022),ISO 27001/2 (2022),ISO 27001/2 (2022),ISO 27001/2 (2022),ISO 27001/2 (2022),ISO 27001/2 (2022),ISO 27001/2 (2022),ISO 27001/2 (2022),ISO 27001/2 (2022)",164
ER-171,Configuration,[Configuration] Configuration Management Tool,Security,"REQ-52,A.08.04,A.08.16,A.08.25,A.08.26,A.08.27,A.08.28,A.08.29,REQ-52-SOC1,REQ-52,A.08.04,A.08.16,A.08.25,A.08.26,A.08.27,A.08.28,A.08.29,REQ-52-SOC1,REQ-52,A.08.04,A.08.16,A.08.25,A.08.26,A.08.27,A.08.28,A.08.29,REQ-52-SOC1","SOC 2,ISO 27001/2 (2022),ISO 27001/2 (2022),ISO 27001/2 (2022),ISO 27001/2 (2022),ISO 27001/2 (2022),ISO 27001/2 (2022),ISO 27001/2 (2022),SOC 1,SOC 2,ISO 27001/2 (2022),ISO 27001/2 (2022),ISO 27001/2 (2022),ISO 27001/2 (2022),ISO 27001/2 (2022),ISO 27001/2 (2022),ISO 27001/2 (2022),SOC 1,SOC 2,ISO 27001/2 (2022),ISO 27001/2 (2022),ISO 27001/2 (2022),ISO 27001/2 (2022),ISO 27001/2 (2022),ISO 27001/2 (2022),ISO 27001/2 (2022),SOC 1",165
ER-172,Policy,[Policy] Penetration Test,Security,"REQ-44,A.08.08a,REQ-44-SOC1,REQ-45 ,REQ-45-SOC1,REQ-44-HIPAA,REQ-45-HIPAA,REQ-44,A.08.08a,REQ-44-SOC1,REQ-45 ,REQ-45-SOC1,REQ-44-HIPAA,REQ-45-HIPAA,REQ-44,A.08.08a,REQ-44-SOC1,REQ-45 ,REQ-45-SOC1,REQ-44-HIPAA,REQ-45-HIPAA,REQ-44,A.08.08a,REQ-44-SOC1,REQ-45 ,REQ-45-SOC1,REQ-44-HIPAA,REQ-45-HIPAA","SOC 2,ISO 27001/2 (2022),SOC 1,SOC 2,SOC 1,HIPAA Security,HIPAA Security,SOC 2,ISO 27001/2 (2022),SOC 1,SOC 2,SOC 1,HIPAA Security,HIPAA Security,SOC 2,ISO 27001/2 (2022),SOC 1,SOC 2,SOC 1,HIPAA Security,HIPAA Security,SOC 2,ISO 27001/2 (2022),SOC 1,SOC 2,SOC 1,HIPAA Security,HIPAA Security",166
ER-173,Policy,[Policy] Information Security,Security,"REQ-1,REQ-12,REQ-13,05.02,A.05.01,06.02,07.05.01,REQ-1-SOC1,REQ-12-SOC1,REQ-13-SOC1,REQ-1-HIPAA,REQ-12-HIPAA,REQ-13-HIPAA,04.01,04.02,04.03,04.04,05.01,05.03,06.01.01,06.03,07.01,07.02,07.03,07.04,08.01,08.02,08.03,09.01,09.02.01,09.03.01,10.01,10.02,06.01.02,06.01.03,09.02.02,09.03.02,09.03.03,A.05.36,07.05.02,07.05.03,A.05.06,A.05.03,A.05.08,A.05.31,A.05.35,REQ-1,REQ-12,REQ-13,05.02,A.05.01,06.02,07.05.01,REQ-1-SOC1,REQ-12-SOC1,REQ-13-SOC1,REQ-1-HIPAA,REQ-12-HIPAA,REQ-13-HIPAA,04.01,04.02,04.03,04.04,05.01,05.03,06.01.01,06.03,07.01,07.02,07.03,07.04,08.01,08.02,08.03,09.01,09.02.01,09.03.01,10.01,10.02,06.01.02,06.01.03,09.02.02,09.03.02,09.03.03,A.05.36,07.05.02,07.05.03,A.05.06,A.05.03,A.05.08,A.05.31,A.05.35,REQ-1,REQ-12,REQ-13,05.02,A.05.01,REQ-1-SOC1,REQ-12-SOC1,REQ-13-SOC1,REQ-1-HIPAA,REQ-12-HIPAA,REQ-13-HIPAA,A.05.36,A.05.06,A.05.03,A.05.08,A.05.31,REQ-1,REQ-12,REQ-13,05.02,A.05.01,REQ-1-SOC1,REQ-12-SOC1,REQ-13-SOC1,REQ-1-HIPAA,REQ-12-HIPAA,REQ-13-HIPAA,A.05.36,A.05.06,A.05.03,A.05.08,A.05.31,REQ-1,REQ-12,REQ-13,05.02,A.05.01,REQ-1-SOC1,REQ-12-SOC1,REQ-13-SOC1,REQ-1-HIPAA,REQ-12-HIPAA,REQ-13-HIPAA,A.05.36,A.05.06,A.05.03,A.05.08,A.05.31,A.05.35,05.02,A.05.01,06.02,07.05.01,04.01,04.02,04.03,04.04,05.01,05.03,06.01.01,06.03,07.01,07.02,07.03,07.04,08.01,08.02,08.03,09.01,09.02.01,09.03.01,10.01,10.02,06.01.02,06.01.03,07.05.02,07.05.03,09.02.02,09.03.02,09.03.03,06.02,06.03,07.05.01,07.05.02,07.05.03","SOC 2,SOC 2,SOC 2,ISO 27001/2 (2022),ISO 27001/2 (2022),ISO 27001/2 (2022),ISO 27001/2 (2022),SOC 1,SOC 1,SOC 1,HIPAA Security,HIPAA Security,HIPAA Security,ISO 27001/2 (2022),ISO 27001/2 (2022),ISO 27001/2 (2022),ISO 27001/2 (2022),ISO 27001/2 (2022),ISO 27001/2 (2022),ISO 27001/2 (2022),ISO 27001/2 (2022),ISO 27001/2 (2022),ISO 27001/2 (2022),ISO 27001/2 (2022),ISO 27001/2 (2022),ISO 27001/2 (2022),ISO 27001/2 (2022),ISO 27001/2 (2022),ISO 27001/2 (2022),ISO 27001/2 (2022),ISO 27001/2 (2022),ISO 27001/2 (2022),ISO 27001/2 (2022),ISO 27001/2 (2022),ISO 27001/2 (2022),ISO 27001/2 (2022),ISO 27001/2 (2022),ISO 27001/2 (2022),ISO 27001/2 (2022),ISO 27001/2 (2022),ISO 27001/2 (2022),ISO 27001/2 (2022),ISO 27001/2 (2022),ISO 27001/2 (2022),ISO 27001/2 (2022),ISO 27001/2 (2022),SOC 2,SOC 2,SOC 2,ISO 27001/2 (2022),ISO 27001/2 (2022),ISO 27001/2 (2022),ISO 27001/2 (2022),SOC 1,SOC 1,SOC 1,HIPAA Security,HIPAA Security,HIPAA Security,ISO 27001/2 (2022),ISO 27001/2 (2022),ISO 27001/2 (2022),ISO 27001/2 (2022),ISO 27001/2 (2022),ISO 27001/2 (2022),ISO 27001/2 (2022),ISO 27001/2 (2022),ISO 27001/2 (2022),ISO 27001/2 (2022),ISO 27001/2 (2022),ISO 27001/2 (2022),ISO 27001/2 (2022),ISO 27001/2 (2022),ISO 27001/2 (2022),ISO 27001/2 (2022),ISO 27001/2 (2022),ISO 27001/2 (2022),ISO 27001/2 (2022),ISO 27001/2 (2022),ISO 27001/2 (2022),ISO 27001/2 (2022),ISO 27001/2 (2022),ISO 27001/2 (2022),ISO 27001/2 (2022),ISO 27001/2 (2022),ISO 27001/2 (2022),ISO 27001/2 (2022),ISO 27001/2 (2022),ISO 27001/2 (2022),ISO 27001/2 (2022),ISO 27001/2 (2022),ISO 27001/2 (2022),SOC 2,SOC 2,SOC 2,ISO 27001/2 (2022),ISO 27001/2 (2022),SOC 1,SOC 1,SOC 1,HIPAA Security,HIPAA Security,HIPAA Security,ISO 27001/2 (2022),ISO 27001/2 (2022),ISO 27001/2 (2022),ISO 27001/2 (2022),ISO 27001/2 (2022),SOC 2,SOC 2,SOC 2,ISO 27001/2 (2022),ISO 27001/2 (2022),SOC 1,SOC 1,SOC 1,HIPAA Security,HIPAA Security,HIPAA Security,ISO 27001/2 (2022),ISO 27001/2 (2022),ISO 27001/2 (2022),ISO 27001/2 (2022),ISO 27001/2 (2022),SOC 2,SOC 2,SOC 2,ISO 27001/2 (2022),ISO 27001/2 (2022),SOC 1,SOC 1,SOC 1,HIPAA Security,HIPAA Security,HIPAA Security,ISO 27001/2 (2022),ISO 27001/2 (2022),ISO 27001/2 (2022),ISO 27001/2 (2022),ISO 27001/2 (2022),ISO 27001/2 (2022),ISO 27001/2 (2022),ISO 27001/2 (2022),ISO 27001/2 (2022),ISO 27001/2 (2022),ISO 27001/2 (2022),ISO 27001/2 (2022),ISO 27001/2 (2022),ISO 27001/2 (2022),ISO 27001/2 (2022),ISO 27001/2 (2022),ISO 27001/2 (2022),ISO 27001/2 (2022),ISO 27001/2 (2022),ISO 27001/2 (2022),ISO 27001/2 (2022),ISO 27001/2 (2022),ISO 27001/2 (2022),ISO 27001/2 (2022),ISO 27001/2 (2022),ISO 27001/2 (2022),ISO 27001/2 (2022),ISO 27001/2 (2022),ISO 27001/2 (2022),ISO 27001/2 (2022),ISO 27001/2 (2022),ISO 27001/2 (2022),ISO 27001/2 (2022),ISO 27001/2 (2022),ISO 27001/2 (2022),ISO 27001/2 (2022),ISO 27001/2 (2022),ISO 27001/2 (2022),ISO 27001/2 (2022),ISO 27001/2 (2022),ISO 27001/2 (2022),ISO 27001/2 (2022)",167
ER-174,Operational,[Operational] Information Security Policy Repository,Security,"REQ-1,REQ-12,REQ-13,05.02,A.05.01,REQ-1-SOC1,REQ-12-SOC1,REQ-13-SOC1,REQ-1-HIPAA,REQ-12-HIPAA,REQ-13-HIPAA,A.05.36","SOC 2,SOC 2,SOC 2,ISO 27001/2 (2022),ISO 27001/2 (2022),SOC 1,SOC 1,SOC 1,HIPAA Security,HIPAA Security,HIPAA Security,ISO 27001/2 (2022)",168
ER-175,Policy,[Policy] Patching and Vulnerability Management,Security,"REQ-44,REQ-42,REQ-46,REQ-47,A.08.07,A.08.25,REQ-45 ,REQ-42-SOC1,REQ-44-SOC1,REQ-45-SOC1,REQ-46-SOC1,REQ-47-SOC1,REQ-42-HIPAA,REQ-44-HIPAA,REQ-45-HIPAA,REQ-46-HIPAA,REQ-47-HIPAA,REQ-44,REQ-42,REQ-46,REQ-47,A.08.07,A.08.25,REQ-45 ,REQ-42-SOC1,REQ-44-SOC1,REQ-45-SOC1,REQ-46-SOC1,REQ-47-SOC1,REQ-42-HIPAA,REQ-44-HIPAA,REQ-45-HIPAA,REQ-46-HIPAA,REQ-47-HIPAA,REQ-44,REQ-42,REQ-46,REQ-47,A.08.07,A.08.25,REQ-45 ,REQ-42-SOC1,REQ-44-SOC1,REQ-45-SOC1,REQ-46-SOC1,REQ-47-SOC1,REQ-42-HIPAA,REQ-44-HIPAA,REQ-45-HIPAA,REQ-46-HIPAA,REQ-47-HIPAA,REQ-44,REQ-42,REQ-46,REQ-47,A.08.07,A.08.25,REQ-45 ,REQ-42-SOC1,REQ-44-SOC1,REQ-45-SOC1,REQ-46-SOC1,REQ-47-SOC1,REQ-42-HIPAA,REQ-44-HIPAA,REQ-45-HIPAA,REQ-46-HIPAA,REQ-47-HIPAA,REQ-44,REQ-42,REQ-46,REQ-47,A.08.07,A.08.25,REQ-45 ,REQ-42-SOC1,REQ-44-SOC1,REQ-45-SOC1,REQ-46-SOC1,REQ-47-SOC1,REQ-42-HIPAA,REQ-44-HIPAA,REQ-45-HIPAA,REQ-46-HIPAA,REQ-47-HIPAA,REQ-44,REQ-42,REQ-46,REQ-47,A.08.07,A.08.25,REQ-45 ,REQ-42-SOC1,REQ-44-SOC1,REQ-45-SOC1,REQ-46-SOC1,REQ-47-SOC1,REQ-42-HIPAA,REQ-44-HIPAA,REQ-45-HIPAA,REQ-46-HIPAA,REQ-47-HIPAA,REQ-44,REQ-42,REQ-46,REQ-47,A.08.07,A.08.25,REQ-45 ,REQ-42-SOC1,REQ-44-SOC1,REQ-45-SOC1,REQ-46-SOC1,REQ-47-SOC1,REQ-42-HIPAA,REQ-44-HIPAA,REQ-45-HIPAA,REQ-46-HIPAA,REQ-47-HIPAA","SOC 2,SOC 2,SOC 2,SOC 2,ISO 27001/2 (2022),ISO 27001/2 (2022),SOC 2,SOC 1,SOC 1,SOC 1,SOC 1,SOC 1,HIPAA Security,HIPAA Security,HIPAA Security,HIPAA Security,HIPAA Security,SOC 2,SOC 2,SOC 2,SOC 2,ISO 27001/2 (2022),ISO 27001/2 (2022),SOC 2,SOC 1,SOC 1,SOC 1,SOC 1,SOC 1,HIPAA Security,HIPAA Security,HIPAA Security,HIPAA Security,HIPAA Security,SOC 2,SOC 2,SOC 2,SOC 2,ISO 27001/2 (2022),ISO 27001/2 (2022),SOC 2,SOC 1,SOC 1,SOC 1,SOC 1,SOC 1,HIPAA Security,HIPAA Security,HIPAA Security,HIPAA Security,HIPAA Security,SOC 2,SOC 2,SOC 2,SOC 2,ISO 27001/2 (2022),ISO 27001/2 (2022),SOC 2,SOC 1,SOC 1,SOC 1,SOC 1,SOC 1,HIPAA Security,HIPAA Security,HIPAA Security,HIPAA Security,HIPAA Security,SOC 2,SOC 2,SOC 2,SOC 2,ISO 27001/2 (2022),ISO 27001/2 (2022),SOC 2,SOC 1,SOC 1,SOC 1,SOC 1,SOC 1,HIPAA Security,HIPAA Security,HIPAA Security,HIPAA Security,HIPAA Security,SOC 2,SOC 2,SOC 2,SOC 2,ISO 27001/2 (2022),ISO 27001/2 (2022),SOC 2,SOC 1,SOC 1,SOC 1,SOC 1,SOC 1,HIPAA Security,HIPAA Security,HIPAA Security,HIPAA Security,HIPAA Security,SOC 2,SOC 2,SOC 2,SOC 2,ISO 27001/2 (2022),ISO 27001/2 (2022),SOC 2,SOC 1,SOC 1,SOC 1,SOC 1,SOC 1,HIPAA Security,HIPAA Security,HIPAA Security,HIPAA Security,HIPAA Security",169
ER-176,Configuration,[Configuration] Evidence of Automated Patching,Security,"REQ-43,A.08.07,A.08.08a,A.08.09,REQ-43-SOC1,REQ-43-HIPAA,REQ-43,A.08.07,A.08.08a,REQ-43-SOC1,REQ-43-HIPAA,REQ-43,A.08.07,A.08.08a,REQ-43-SOC1,REQ-43-HIPAA,REQ-43,A.08.07,A.08.08a,REQ-43-SOC1,REQ-43-HIPAA","SOC 2,ISO 27001/2 (2022),ISO 27001/2 (2022),ISO 27001/2 (2022),SOC 1,HIPAA Security,SOC 2,ISO 27001/2 (2022),ISO 27001/2 (2022),SOC 1,HIPAA Security,SOC 2,ISO 27001/2 (2022),ISO 27001/2 (2022),SOC 1,HIPAA Security,SOC 2,ISO 27001/2 (2022),ISO 27001/2 (2022),SOC 1,HIPAA Security",170
ER-177,Policy,[Policy] Vendor Management,Security,"REQ-21,A.05.19,A.05.20,A.05.21,A.05.22,REQ-21-SOC1,REQ-21-HIPAA,REQ-21,A.05.19,A.05.20,A.05.21,A.05.22,REQ-21-SOC1,REQ-21-HIPAA,REQ-21,A.05.19,A.05.20,A.05.21,A.05.22,REQ-21-SOC1,REQ-21-HIPAA,REQ-21,A.05.19,A.05.20,A.05.21,A.05.22,REQ-21-SOC1,REQ-21-HIPAA,REQ-21,A.05.19,A.05.20,A.05.21,A.05.22,REQ-21-SOC1,REQ-21-HIPAA,REQ-21,A.05.19,A.05.20,A.05.21,A.05.22,REQ-21-SOC1,REQ-21-HIPAA,REQ-21,A.05.19,A.05.20,A.05.21,A.05.22,REQ-21-SOC1,REQ-21-HIPAA,REQ-21,A.05.19,A.05.20,A.05.21,A.05.22,REQ-21-SOC1,REQ-21-HIPAA","SOC 2,ISO 27001/2 (2022),ISO 27001/2 (2022),ISO 27001/2 (2022),ISO 27001/2 (2022),SOC 1,HIPAA Security,SOC 2,ISO 27001/2 (2022),ISO 27001/2 (2022),ISO 27001/2 (2022),ISO 27001/2 (2022),SOC 1,HIPAA Security,SOC 2,ISO 27001/2 (2022),ISO 27001/2 (2022),ISO 27001/2 (2022),ISO 27001/2 (2022),SOC 1,HIPAA Security,SOC 2,ISO 27001/2 (2022),ISO 27001/2 (2022),ISO 27001/2 (2022),ISO 27001/2 (2022),SOC 1,HIPAA Security,SOC 2,ISO 27001/2 (2022),ISO 27001/2 (2022),ISO 27001/2 (2022),ISO 27001/2 (2022),SOC 1,HIPAA Security,SOC 2,ISO 27001/2 (2022),ISO 27001/2 (2022),ISO 27001/2 (2022),ISO 27001/2 (2022),SOC 1,HIPAA Security,SOC 2,ISO 27001/2 (2022),ISO 27001/2 (2022),ISO 27001/2 (2022),ISO 27001/2 (2022),SOC 1,HIPAA Security,SOC 2,ISO 27001/2 (2022),ISO 27001/2 (2022),ISO 27001/2 (2022),ISO 27001/2 (2022),SOC 1,HIPAA Security",171
ER-178,Policy,[Policy] System Hardening Standards,Security,"REQ-51,A.08.24a,A.08.28,REQ-51-SOC1,A.08.09,REQ-51,A.08.24a,A.08.28,REQ-51-SOC1,A.08.09,REQ-51,A.08.24a,A.08.28,REQ-51-SOC1,A.08.09,REQ-51,A.08.24a,A.08.28,REQ-51-SOC1,A.08.09","SOC 2,ISO 27001/2 (2022),ISO 27001/2 (2022),SOC 1,ISO 27001/2 (2022),SOC 2,ISO 27001/2 (2022),ISO 27001/2 (2022),SOC 1,ISO 27001/2 (2022),SOC 2,ISO 27001/2 (2022),ISO 27001/2 (2022),SOC 1,ISO 27001/2 (2022),SOC 2,ISO 27001/2 (2022),ISO 27001/2 (2022),SOC 1,ISO 27001/2 (2022)",172
ER-179,Policy,"[Policy] Data Classification, Retention and Disposal",Security,"REQ-32,REQ-65,REQ-67,A.05.09,A.05.11,A.05.12,A.05.13,A.05.14,A.07.09,A.07.10a,A.08.10,REQ-32-HIPAA,REQ-65-HIPAA,REQ-67-HIPAA,REQ-66,REQ-66-HIPAA,A.05.15,A.05.18a,A.08.02,A.08.03,A.08.20,A.08.21,A.08.22,A.07.14,A.05.10,A.05.33,REQ-66,A.05.15,A.05.18a,A.08.02,A.08.03,A.08.20,A.08.21,A.08.22,REQ-66-HIPAA,REQ-66,A.05.15,A.05.18a,A.08.02,A.08.03,A.08.20,A.08.21,A.08.22,REQ-66-HIPAA,REQ-66,A.05.15,A.05.18a,A.08.03,A.08.20,A.08.21,A.08.22,REQ-66-HIPAA","SOC 2,SOC 2,SOC 2,ISO 27001/2 (2022),ISO 27001/2 (2022),ISO 27001/2 (2022),ISO 27001/2 (2022),ISO 27001/2 (2022),ISO 27001/2 (2022),ISO 27001/2 (2022),ISO 27001/2 (2022),HIPAA Security,HIPAA Security,HIPAA Security,SOC 2,HIPAA Security,ISO 27001/2 (2022),ISO 27001/2 (2022),ISO 27001/2 (2022),ISO 27001/2 (2022),ISO 27001/2 (2022),ISO 27001/2 (2022),ISO 27001/2 (2022),ISO 27001/2 (2022),ISO 27001/2 (2022),ISO 27001/2 (2022),SOC 2,ISO 27001/2 (2022),ISO 27001/2 (2022),ISO 27001/2 (2022),ISO 27001/2 (2022),ISO 27001/2 (2022),ISO 27001/2 (2022),ISO 27001/2 (2022),HIPAA Security,SOC 2,ISO 27001/2 (2022),ISO 27001/2 (2022),ISO 27001/2 (2022),ISO 27001/2 (2022),ISO 27001/2 (2022),ISO 27001/2 (2022),ISO 27001/2 (2022),HIPAA Security,SOC 2,ISO 27001/2 (2022),ISO 27001/2 (2022),ISO 27001/2 (2022),ISO 27001/2 (2022),ISO 27001/2 (2022),ISO 27001/2 (2022),HIPAA Security",173
ER-180,Configuration,[Configuration] Logins to All In-Scope Production Systems,Security,"REQ-25,A.05.15,A.05.16,A.05.17,A.05.18a,A.08.03,A.08.05a,A.08.15,A.08.31,REQ-25-SOC1,REQ-25-HIPAA,REQ-25,A.05.15,A.05.16,A.05.17,A.05.18a,A.08.03,A.08.05a,A.08.15,A.08.31,REQ-25-SOC1,REQ-25-HIPAA,REQ-25,A.05.15,A.05.16,A.05.17,A.05.18a,A.08.03,A.08.05a,A.08.15,A.08.31,REQ-25-SOC1,REQ-25-HIPAA,REQ-25,A.05.15,A.05.16,A.05.17,A.05.18a,A.08.03,A.08.05a,A.08.15,A.08.31,REQ-25-SOC1,REQ-25-HIPAA","SOC 2,ISO 27001/2 (2022),ISO 27001/2 (2022),ISO 27001/2 (2022),ISO 27001/2 (2022),ISO 27001/2 (2022),ISO 27001/2 (2022),ISO 27001/2 (2022),ISO 27001/2 (2022),SOC 1,HIPAA Security,SOC 2,ISO 27001/2 (2022),ISO 27001/2 (2022),ISO 27001/2 (2022),ISO 27001/2 (2022),ISO 27001/2 (2022),ISO 27001/2 (2022),ISO 27001/2 (2022),ISO 27001/2 (2022),SOC 1,HIPAA Security,SOC 2,ISO 27001/2 (2022),ISO 27001/2 (2022),ISO 27001/2 (2022),ISO 27001/2 (2022),ISO 27001/2 (2022),ISO 27001/2 (2022),ISO 27001/2 (2022),ISO 27001/2 (2022),SOC 1,HIPAA Security,SOC 2,ISO 27001/2 (2022),ISO 27001/2 (2022),ISO 27001/2 (2022),ISO 27001/2 (2022),ISO 27001/2 (2022),ISO 27001/2 (2022),ISO 27001/2 (2022),ISO 27001/2 (2022),SOC 1,HIPAA Security",174
ER-181,Configuration,[Configuration] Password Vault and Shared Accounts,Security,"REQ-28,REQ-31,A.05.15,A.05.17,A.05.18a,A.05.33,A.05.34,A.08.05a,A.08.24a,REQ-28-SOC1,REQ-31-SOC1,REQ-28-HIPAA,REQ-31-HIPAA,A.08.18,REQ-28,REQ-31,A.05.15,A.05.17,A.05.18a,A.05.33,A.05.34,A.08.05a,A.08.24a,REQ-28-SOC1,REQ-31-SOC1,REQ-28-HIPAA,REQ-31-HIPAA,A.08.18,REQ-28,REQ-31,A.05.15,A.05.17,A.05.18a,A.05.33,A.05.34,A.08.05a,A.08.24a,REQ-28-SOC1,REQ-31-SOC1,REQ-28-HIPAA,REQ-31-HIPAA,A.08.18,REQ-28,REQ-31,A.05.15,A.05.17,A.05.18a,A.05.33,A.05.34,A.08.05a,A.08.24a,REQ-28-SOC1,REQ-31-SOC1,REQ-28-HIPAA,REQ-31-HIPAA,A.08.18,REQ-28,REQ-31,A.05.15,A.05.17,A.05.18a,A.05.33,A.05.34,A.08.05a,A.08.24a,REQ-28-SOC1,REQ-31-SOC1,REQ-28-HIPAA,REQ-31-HIPAA,A.08.18","SOC 2,SOC 2,ISO 27001/2 (2022),ISO 27001/2 (2022),ISO 27001/2 (2022),ISO 27001/2 (2022),ISO 27001/2 (2022),ISO 27001/2 (2022),ISO 27001/2 (2022),SOC 1,SOC 1,HIPAA Security,HIPAA Security,ISO 27001/2 (2022),SOC 2,SOC 2,ISO 27001/2 (2022),ISO 27001/2 (2022),ISO 27001/2 (2022),ISO 27001/2 (2022),ISO 27001/2 (2022),ISO 27001/2 (2022),ISO 27001/2 (2022),SOC 1,SOC 1,HIPAA Security,HIPAA Security,ISO 27001/2 (2022),SOC 2,SOC 2,ISO 27001/2 (2022),ISO 27001/2 (2022),ISO 27001/2 (2022),ISO 27001/2 (2022),ISO 27001/2 (2022),ISO 27001/2 (2022),ISO 27001/2 (2022),SOC 1,SOC 1,HIPAA Security,HIPAA Security,ISO 27001/2 (2022),SOC 2,SOC 2,ISO 27001/2 (2022),ISO 27001/2 (2022),ISO 27001/2 (2022),ISO 27001/2 (2022),ISO 27001/2 (2022),ISO 27001/2 (2022),ISO 27001/2 (2022),SOC 1,SOC 1,HIPAA Security,HIPAA Security,ISO 27001/2 (2022),SOC 2,SOC 2,ISO 27001/2 (2022),ISO 27001/2 (2022),ISO 27001/2 (2022),ISO 27001/2 (2022),ISO 27001/2 (2022),ISO 27001/2 (2022),ISO 27001/2 (2022),SOC 1,SOC 1,HIPAA Security,HIPAA Security,ISO 27001/2 (2022)",175
ER-182,Configuration,[Configuration] All Privileged Access to the Production Network,Security,"REQ-28,REQ-31,A.05.15,A.05.16,A.05.17,A.05.18a,A.08.02,A.08.03,A.08.05a,A.08.21,A.08.22,A.08.31,REQ-54,REQ-57,A.05.03,REQ-28-SOC1,REQ-31-SOC1,REQ-54-SOC1,REQ-57-SOC1,REQ-54-HIPAA,REQ-57-HIPAA,REQ-28-HIPAA,REQ-31-HIPAA,A.08.04,A.08.18,REQ-28,REQ-31,A.05.15,A.05.16,A.05.17,A.05.18a,A.08.02,A.08.03,A.08.05a,A.08.21,A.08.22,A.08.31,REQ-54,REQ-57,A.05.03,REQ-28-SOC1,REQ-31-SOC1,REQ-54-SOC1,REQ-57-SOC1,REQ-54-HIPAA,REQ-57-HIPAA,REQ-28-HIPAA,REQ-31-HIPAA,A.08.04,A.08.18,REQ-28,REQ-31,A.05.15,A.05.16,A.05.17,A.05.18a,A.08.02,A.08.03,A.08.05a,A.08.21,A.08.22,A.08.31,REQ-28-SOC1,REQ-31-SOC1,REQ-28-HIPAA,REQ-31-HIPAA,A.08.04,A.08.18,REQ-28,REQ-31,A.05.15,A.05.16,A.05.17,A.05.18a,A.08.02,A.08.03,A.08.05a,A.08.21,A.08.22,A.08.31,REQ-28-SOC1,REQ-31-SOC1,REQ-28-HIPAA,REQ-31-HIPAA,A.08.04,A.08.18,REQ-28,REQ-31,A.05.15,A.05.16,A.05.17,A.05.18a,A.08.02,A.08.03,A.08.05a,A.08.21,A.08.22,A.08.31,REQ-28-SOC1,REQ-31-SOC1,REQ-28-HIPAA,REQ-31-HIPAA,A.08.04,A.08.18,REQ-54,REQ-57,REQ-31,A.05.03,A.08.31,REQ-31-SOC1,REQ-54-SOC1,REQ-57-SOC1,REQ-54-HIPAA,REQ-57-HIPAA,REQ-31-HIPAA,A.08.04","SOC 2,SOC 2,ISO 27001/2 (2022),ISO 27001/2 (2022),ISO 27001/2 (2022),ISO 27001/2 (2022),ISO 27001/2 (2022),ISO 27001/2 (2022),ISO 27001/2 (2022),ISO 27001/2 (2022),ISO 27001/2 (2022),ISO 27001/2 (2022),SOC 2,SOC 2,ISO 27001/2 (2022),SOC 1,SOC 1,SOC 1,SOC 1,HIPAA Security,HIPAA Security,HIPAA Security,HIPAA Security,ISO 27001/2 (2022),ISO 27001/2 (2022),SOC 2,SOC 2,ISO 27001/2 (2022),ISO 27001/2 (2022),ISO 27001/2 (2022),ISO 27001/2 (2022),ISO 27001/2 (2022),ISO 27001/2 (2022),ISO 27001/2 (2022),ISO 27001/2 (2022),ISO 27001/2 (2022),ISO 27001/2 (2022),SOC 2,SOC 2,ISO 27001/2 (2022),SOC 1,SOC 1,SOC 1,SOC 1,HIPAA Security,HIPAA Security,HIPAA Security,HIPAA Security,ISO 27001/2 (2022),ISO 27001/2 (2022),SOC 2,SOC 2,ISO 27001/2 (2022),ISO 27001/2 (2022),ISO 27001/2 (2022),ISO 27001/2 (2022),ISO 27001/2 (2022),ISO 27001/2 (2022),ISO 27001/2 (2022),ISO 27001/2 (2022),ISO 27001/2 (2022),ISO 27001/2 (2022),SOC 1,SOC 1,HIPAA Security,HIPAA Security,ISO 27001/2 (2022),ISO 27001/2 (2022),SOC 2,SOC 2,ISO 27001/2 (2022),ISO 27001/2 (2022),ISO 27001/2 (2022),ISO 27001/2 (2022),ISO 27001/2 (2022),ISO 27001/2 (2022),ISO 27001/2 (2022),ISO 27001/2 (2022),ISO 27001/2 (2022),ISO 27001/2 (2022),SOC 1,SOC 1,HIPAA Security,HIPAA Security,ISO 27001/2 (2022),ISO 27001/2 (2022),SOC 2,SOC 2,ISO 27001/2 (2022),ISO 27001/2 (2022),ISO 27001/2 (2022),ISO 27001/2 (2022),ISO 27001/2 (2022),ISO 27001/2 (2022),ISO 27001/2 (2022),ISO 27001/2 (2022),ISO 27001/2 (2022),ISO 27001/2 (2022),SOC 1,SOC 1,HIPAA Security,HIPAA Security,ISO 27001/2 (2022),ISO 27001/2 (2022),SOC 2,SOC 2,SOC 2,ISO 27001/2 (2022),ISO 27001/2 (2022),SOC 1,SOC 1,SOC 1,HIPAA Security,HIPAA Security,HIPAA Security,ISO 27001/2 (2022)",176
ER-183,Configuration,[Configuration] All Privileged Users to VPN (if applicable),Security,"REQ-28,REQ-31,A.05.15,A.05.16,A.05.17,A.05.18a,A.08.02,A.08.03,A.08.05a,A.08.21,A.08.22,A.08.31,REQ-28-SOC1,REQ-31-SOC1,REQ-28-HIPAA,REQ-31-HIPAA,A.08.18","SOC 2,SOC 2,ISO 27001/2 (2022),ISO 27001/2 (2022),ISO 27001/2 (2022),ISO 27001/2 (2022),ISO 27001/2 (2022),ISO 27001/2 (2022),ISO 27001/2 (2022),ISO 27001/2 (2022),ISO 27001/2 (2022),ISO 27001/2 (2022),SOC 1,SOC 1,HIPAA Security,HIPAA Security,ISO 27001/2 (2022)",177
ER-184,Configuration,[Configuration] All Privileged Users to Application In-Scope,Security,"REQ-28,REQ-31,A.05.15,A.05.16,A.05.17,A.05.18a,A.08.02,A.08.03,A.08.05a,A.08.21,A.08.22,A.08.31,REQ-28-SOC1,REQ-31-SOC1,REQ-28-HIPAA,REQ-31-HIPAA,A.08.04,A.08.18,REQ-28,REQ-31,A.05.15,A.05.16,A.05.17,A.05.18a,A.08.02,A.08.03,A.08.05a,A.08.21,A.08.22,A.08.31,REQ-28-SOC1,REQ-31-SOC1,REQ-28-HIPAA,REQ-31-HIPAA,A.08.18,REQ-28,REQ-31,A.05.15,A.05.16,A.05.17,A.05.18a,A.08.02,A.08.03,A.08.05a,A.08.21,A.08.22,A.08.31,REQ-28-SOC1,REQ-31-SOC1,REQ-28-HIPAA,REQ-31-HIPAA,A.08.18,REQ-28,REQ-31,A.05.15,A.05.16,A.05.17,A.05.18a,A.08.02,A.08.03,A.08.05a,A.08.21,A.08.22,A.08.31,REQ-28-SOC1,REQ-31-SOC1,REQ-28-HIPAA,REQ-31-HIPAA,A.08.18","SOC 2,SOC 2,ISO 27001/2 (2022),ISO 27001/2 (2022),ISO 27001/2 (2022),ISO 27001/2 (2022),ISO 27001/2 (2022),ISO 27001/2 (2022),ISO 27001/2 (2022),ISO 27001/2 (2022),ISO 27001/2 (2022),ISO 27001/2 (2022),SOC 1,SOC 1,HIPAA Security,HIPAA Security,ISO 27001/2 (2022),ISO 27001/2 (2022),SOC 2,SOC 2,ISO 27001/2 (2022),ISO 27001/2 (2022),ISO 27001/2 (2022),ISO 27001/2 (2022),ISO 27001/2 (2022),ISO 27001/2 (2022),ISO 27001/2 (2022),ISO 27001/2 (2022),ISO 27001/2 (2022),ISO 27001/2 (2022),SOC 1,SOC 1,HIPAA Security,HIPAA Security,ISO 27001/2 (2022),SOC 2,SOC 2,ISO 27001/2 (2022),ISO 27001/2 (2022),ISO 27001/2 (2022),ISO 27001/2 (2022),ISO 27001/2 (2022),ISO 27001/2 (2022),ISO 27001/2 (2022),ISO 27001/2 (2022),ISO 27001/2 (2022),ISO 27001/2 (2022),SOC 1,SOC 1,HIPAA Security,HIPAA Security,ISO 27001/2 (2022),SOC 2,SOC 2,ISO 27001/2 (2022),ISO 27001/2 (2022),ISO 27001/2 (2022),ISO 27001/2 (2022),ISO 27001/2 (2022),ISO 27001/2 (2022),ISO 27001/2 (2022),ISO 27001/2 (2022),ISO 27001/2 (2022),ISO 27001/2 (2022),SOC 1,SOC 1,HIPAA Security,HIPAA Security,ISO 27001/2 (2022)",178
ER-186,Configuration,[Configuration] All Privileged Users to Code Repository,Security,"REQ-28,REQ-31,A.05.15,A.05.16,A.05.17,A.05.18a,A.08.02,A.08.03,A.08.05a,A.08.21,A.08.22,A.08.31,REQ-28-SOC1,REQ-31-SOC1,REQ-28-HIPAA,REQ-31-HIPAA,REQ-54,REQ-54-SOC1,REQ-54-HIPAA,A.08.04,A.08.18","SOC 2,SOC 2,ISO 27001/2 (2022),ISO 27001/2 (2022),ISO 27001/2 (2022),ISO 27001/2 (2022),ISO 27001/2 (2022),ISO 27001/2 (2022),ISO 27001/2 (2022),ISO 27001/2 (2022),ISO 27001/2 (2022),ISO 27001/2 (2022),SOC 1,SOC 1,HIPAA Security,HIPAA Security,SOC 2,SOC 1,HIPAA Security,ISO 27001/2 (2022),ISO 27001/2 (2022)",180
ER-187,Configuration,[Configuration] All OS Privileged Users to Servers/DBs,Security,"REQ-28,REQ-31,A.05.15,A.05.16,A.05.17,A.05.18a,A.08.02,A.08.03,A.08.05a,A.08.21,A.08.22,REQ-28-SOC1,REQ-31-SOC1,REQ-28-HIPAA,REQ-31-HIPAA,A.08.04,A.08.18,REQ-28,REQ-31,A.05.15,A.05.16,A.05.17,A.05.18a,A.08.02,A.08.03,A.08.05a,A.08.21,A.08.22,REQ-28-SOC1,REQ-31-SOC1,REQ-28-HIPAA,REQ-31-HIPAA,A.08.04,A.08.18,REQ-28,REQ-31,A.05.15,A.05.16,A.05.17,A.05.18a,A.08.02,A.08.03,A.08.05a,A.08.21,A.08.22,REQ-28-SOC1,REQ-31-SOC1,REQ-28-HIPAA,REQ-31-HIPAA,A.08.04,A.08.18,REQ-28,REQ-31,A.05.15,A.05.16,A.05.17,A.05.18a,A.08.02,A.08.03,A.08.05a,A.08.21,A.08.22,REQ-28-SOC1,REQ-31-SOC1,REQ-28-HIPAA,REQ-31-HIPAA,A.08.04,A.08.18,REQ-28,REQ-31,A.05.15,A.05.16,A.05.17,A.05.18a,A.08.02,A.08.03,A.08.05a,A.08.21,A.08.22,REQ-28-SOC1,REQ-31-SOC1,REQ-28-HIPAA,REQ-31-HIPAA,A.08.04,A.08.18","SOC 2,SOC 2,ISO 27001/2 (2022),ISO 27001/2 (2022),ISO 27001/2 (2022),ISO 27001/2 (2022),ISO 27001/2 (2022),ISO 27001/2 (2022),ISO 27001/2 (2022),ISO 27001/2 (2022),ISO 27001/2 (2022),SOC 1,SOC 1,HIPAA Security,HIPAA Security,ISO 27001/2 (2022),ISO 27001/2 (2022),SOC 2,SOC 2,ISO 27001/2 (2022),ISO 27001/2 (2022),ISO 27001/2 (2022),ISO 27001/2 (2022),ISO 27001/2 (2022),ISO 27001/2 (2022),ISO 27001/2 (2022),ISO 27001/2 (2022),ISO 27001/2 (2022),SOC 1,SOC 1,HIPAA Security,HIPAA Security,ISO 27001/2 (2022),ISO 27001/2 (2022),SOC 2,SOC 2,ISO 27001/2 (2022),ISO 27001/2 (2022),ISO 27001/2 (2022),ISO 27001/2 (2022),ISO 27001/2 (2022),ISO 27001/2 (2022),ISO 27001/2 (2022),ISO 27001/2 (2022),ISO 27001/2 (2022),SOC 1,SOC 1,HIPAA Security,HIPAA Security,ISO 27001/2 (2022),ISO 27001/2 (2022),SOC 2,SOC 2,ISO 27001/2 (2022),ISO 27001/2 (2022),ISO 27001/2 (2022),ISO 27001/2 (2022),ISO 27001/2 (2022),ISO 27001/2 (2022),ISO 27001/2 (2022),ISO 27001/2 (2022),ISO 27001/2 (2022),SOC 1,SOC 1,HIPAA Security,HIPAA Security,ISO 27001/2 (2022),ISO 27001/2 (2022),SOC 2,SOC 2,ISO 27001/2 (2022),ISO 27001/2 (2022),ISO 27001/2 (2022),ISO 27001/2 (2022),ISO 27001/2 (2022),ISO 27001/2 (2022),ISO 27001/2 (2022),ISO 27001/2 (2022),ISO 27001/2 (2022),SOC 1,SOC 1,HIPAA Security,HIPAA Security,ISO 27001/2 (2022),ISO 27001/2 (2022)",181
ER-188,Configuration,[Configuration] All Privileged Users with Datastore Access,Security,"REQ-28,REQ-31,A.05.15,A.05.16,A.05.17,A.05.18a,A.08.02,A.08.03,A.08.05a,A.08.20,A.08.21,A.08.22,A.08.31,REQ-28-SOC1,REQ-31-SOC1,REQ-28-HIPAA,REQ-31-HIPAA,A.08.04,A.08.18,REQ-28,REQ-31,A.05.15,A.05.16,A.05.17,A.05.18a,A.08.02,A.08.03,A.08.05a,A.08.20,A.08.21,A.08.22,A.08.31,REQ-28-SOC1,REQ-31-SOC1,REQ-28-HIPAA,REQ-31-HIPAA,A.08.04,A.08.18,REQ-28,REQ-31,A.05.15,A.05.16,A.05.17,A.05.18a,A.08.02,A.08.03,A.08.05a,A.08.20,A.08.21,A.08.22,A.08.31,REQ-28-SOC1,REQ-31-SOC1,REQ-28-HIPAA,REQ-31-HIPAA,A.08.04,A.08.18,REQ-28,REQ-31,A.05.15,A.05.16,A.05.17,A.05.18a,A.08.02,A.08.03,A.08.05a,A.08.20,A.08.21,A.08.22,A.08.31,REQ-28-SOC1,REQ-31-SOC1,REQ-28-HIPAA,REQ-31-HIPAA,A.08.04,A.08.18,REQ-28,REQ-31,A.05.15,A.05.16,A.05.17,A.05.18a,A.08.02,A.08.03,A.08.05a,A.08.20,A.08.21,A.08.22,A.08.31,REQ-28-SOC1,REQ-31-SOC1,REQ-28-HIPAA,REQ-31-HIPAA,A.08.04,A.08.18,REQ-28,REQ-31,A.05.15,A.05.16,A.05.17,A.05.18a,A.08.02,A.08.03,A.08.05a,A.08.20,A.08.21,A.08.22,A.08.31,REQ-28-SOC1,REQ-31-SOC1,REQ-28-HIPAA,REQ-31-HIPAA,A.08.04,A.08.18","SOC 2,SOC 2,ISO 27001/2 (2022),ISO 27001/2 (2022),ISO 27001/2 (2022),ISO 27001/2 (2022),ISO 27001/2 (2022),ISO 27001/2 (2022),ISO 27001/2 (2022),ISO 27001/2 (2022),ISO 27001/2 (2022),ISO 27001/2 (2022),ISO 27001/2 (2022),SOC 1,SOC 1,HIPAA Security,HIPAA Security,ISO 27001/2 (2022),ISO 27001/2 (2022),SOC 2,SOC 2,ISO 27001/2 (2022),ISO 27001/2 (2022),ISO 27001/2 (2022),ISO 27001/2 (2022),ISO 27001/2 (2022),ISO 27001/2 (2022),ISO 27001/2 (2022),ISO 27001/2 (2022),ISO 27001/2 (2022),ISO 27001/2 (2022),ISO 27001/2 (2022),SOC 1,SOC 1,HIPAA Security,HIPAA Security,ISO 27001/2 (2022),ISO 27001/2 (2022),SOC 2,SOC 2,ISO 27001/2 (2022),ISO 27001/2 (2022),ISO 27001/2 (2022),ISO 27001/2 (2022),ISO 27001/2 (2022),ISO 27001/2 (2022),ISO 27001/2 (2022),ISO 27001/2 (2022),ISO 27001/2 (2022),ISO 27001/2 (2022),ISO 27001/2 (2022),SOC 1,SOC 1,HIPAA Security,HIPAA Security,ISO 27001/2 (2022),ISO 27001/2 (2022),SOC 2,SOC 2,ISO 27001/2 (2022),ISO 27001/2 (2022),ISO 27001/2 (2022),ISO 27001/2 (2022),ISO 27001/2 (2022),ISO 27001/2 (2022),ISO 27001/2 (2022),ISO 27001/2 (2022),ISO 27001/2 (2022),ISO 27001/2 (2022),ISO 27001/2 (2022),SOC 1,SOC 1,HIPAA Security,HIPAA Security,ISO 27001/2 (2022),ISO 27001/2 (2022),SOC 2,SOC 2,ISO 27001/2 (2022),ISO 27001/2 (2022),ISO 27001/2 (2022),ISO 27001/2 (2022),ISO 27001/2 (2022),ISO 27001/2 (2022),ISO 27001/2 (2022),ISO 27001/2 (2022),ISO 27001/2 (2022),ISO 27001/2 (2022),ISO 27001/2 (2022),SOC 1,SOC 1,HIPAA Security,HIPAA Security,ISO 27001/2 (2022),ISO 27001/2 (2022),SOC 2,SOC 2,ISO 27001/2 (2022),ISO 27001/2 (2022),ISO 27001/2 (2022),ISO 27001/2 (2022),ISO 27001/2 (2022),ISO 27001/2 (2022),ISO 27001/2 (2022),ISO 27001/2 (2022),ISO 27001/2 (2022),ISO 27001/2 (2022),ISO 27001/2 (2022),SOC 1,SOC 1,HIPAA Security,HIPAA Security,ISO 27001/2 (2022),ISO 27001/2 (2022)",182
ER-189,Configuration,[Configuration] Privileged Access to the Cloud Console,Security,"REQ-28,REQ-31,A.05.15,A.05.16,A.05.17,A.05.18a,A.05.23,A.08.02,A.08.03,A.08.05a,A.08.20,A.08.21,A.08.22,REQ-28-SOC1,REQ-31-SOC1,REQ-28-HIPAA,REQ-31-HIPAA,A.08.04,A.08.18,REQ-28,REQ-31,A.05.15,A.05.16,A.05.17,A.05.18a,A.05.23,A.08.02,A.08.03,A.08.05a,A.08.20,A.08.21,A.08.22,REQ-28-SOC1,REQ-31-SOC1,REQ-28-HIPAA,REQ-31-HIPAA,A.08.04,A.08.18,REQ-28,REQ-31,A.05.15,A.05.16,A.05.17,A.05.18a,A.05.23,A.08.02,A.08.03,A.08.05a,A.08.20,A.08.21,A.08.22,REQ-28-SOC1,REQ-31-SOC1,REQ-28-HIPAA,REQ-31-HIPAA,A.08.04,A.08.18,REQ-28,REQ-31,A.05.15,A.05.16,A.05.17,A.05.18a,A.05.23,A.08.02,A.08.03,A.08.05a,A.08.20,A.08.21,A.08.22,REQ-28-SOC1,REQ-31-SOC1,REQ-28-HIPAA,REQ-31-HIPAA,A.08.04,A.08.18","SOC 2,SOC 2,ISO 27001/2 (2022),ISO 27001/2 (2022),ISO 27001/2 (2022),ISO 27001/2 (2022),ISO 27001/2 (2022),ISO 27001/2 (2022),ISO 27001/2 (2022),ISO 27001/2 (2022),ISO 27001/2 (2022),ISO 27001/2 (2022),ISO 27001/2 (2022),SOC 1,SOC 1,HIPAA Security,HIPAA Security,ISO 27001/2 (2022),ISO 27001/2 (2022),SOC 2,SOC 2,ISO 27001/2 (2022),ISO 27001/2 (2022),ISO 27001/2 (2022),ISO 27001/2 (2022),ISO 27001/2 (2022),ISO 27001/2 (2022),ISO 27001/2 (2022),ISO 27001/2 (2022),ISO 27001/2 (2022),ISO 27001/2 (2022),ISO 27001/2 (2022),SOC 1,SOC 1,HIPAA Security,HIPAA Security,ISO 27001/2 (2022),ISO 27001/2 (2022),SOC 2,SOC 2,ISO 27001/2 (2022),ISO 27001/2 (2022),ISO 27001/2 (2022),ISO 27001/2 (2022),ISO 27001/2 (2022),ISO 27001/2 (2022),ISO 27001/2 (2022),ISO 27001/2 (2022),ISO 27001/2 (2022),ISO 27001/2 (2022),ISO 27001/2 (2022),SOC 1,SOC 1,HIPAA Security,HIPAA Security,ISO 27001/2 (2022),ISO 27001/2 (2022),SOC 2,SOC 2,ISO 27001/2 (2022),ISO 27001/2 (2022),ISO 27001/2 (2022),ISO 27001/2 (2022),ISO 27001/2 (2022),ISO 27001/2 (2022),ISO 27001/2 (2022),ISO 27001/2 (2022),ISO 27001/2 (2022),ISO 27001/2 (2022),ISO 27001/2 (2022),SOC 1,SOC 1,HIPAA Security,HIPAA Security,ISO 27001/2 (2022),ISO 27001/2 (2022)",183
ER-190,Policy,[Policy] Password and Multi-Factor Authentication,Security,"REQ-26,A.05.17,A.05.33,A.05.34,A.08.05a,REQ-26-SOC1,REQ-26-HIPAA","SOC 2,ISO 27001/2 (2022),ISO 27001/2 (2022),ISO 27001/2 (2022),ISO 27001/2 (2022),SOC 1,HIPAA Security",184
ER-191,Configuration,[Configuration] Passwords for All In-Scope Production Systems,Security,"REQ-26,A.05.17,A.05.33,A.05.34,A.08.05a,REQ-26-SOC1,REQ-26-HIPAA,REQ-26,A.05.17,A.05.33,A.05.34,A.08.05a,REQ-26-SOC1,REQ-26-HIPAA,REQ-26,A.05.17,A.05.33,A.05.34,A.08.05a,REQ-26-SOC1,REQ-26-HIPAA,REQ-26,A.05.17,A.05.33,A.05.34,A.08.05a,REQ-26-SOC1,REQ-26-HIPAA,REQ-26,A.05.17,A.05.33,A.05.34,A.08.05a,REQ-26-SOC1,REQ-26-HIPAA,REQ-26,A.05.17,A.05.33,A.05.34,A.08.05a,REQ-26-SOC1,REQ-26-HIPAA","SOC 2,ISO 27001/2 (2022),ISO 27001/2 (2022),ISO 27001/2 (2022),ISO 27001/2 (2022),SOC 1,HIPAA Security,SOC 2,ISO 27001/2 (2022),ISO 27001/2 (2022),ISO 27001/2 (2022),ISO 27001/2 (2022),SOC 1,HIPAA Security,SOC 2,ISO 27001/2 (2022),ISO 27001/2 (2022),ISO 27001/2 (2022),ISO 27001/2 (2022),SOC 1,HIPAA Security,SOC 2,ISO 27001/2 (2022),ISO 27001/2 (2022),ISO 27001/2 (2022),ISO 27001/2 (2022),SOC 1,HIPAA Security,SOC 2,ISO 27001/2 (2022),ISO 27001/2 (2022),ISO 27001/2 (2022),ISO 27001/2 (2022),SOC 1,HIPAA Security,SOC 2,ISO 27001/2 (2022),ISO 27001/2 (2022),ISO 27001/2 (2022),ISO 27001/2 (2022),SOC 1,HIPAA Security",185
ER-193,Configuration,[Configuration] Network Diagram and Segmentation,Security,"REQ-36,A.08.20,A.08.21,A.08.22,REQ-36-SOC1,REQ-36-HIPAA,REQ-36,A.08.20,A.08.21,A.08.22,REQ-36-SOC1,REQ-36-HIPAA,REQ-36,A.08.20,A.08.21,A.08.22,REQ-36-SOC1,REQ-36-HIPAA,REQ-36,A.08.20,A.08.21,A.08.22,REQ-36-SOC1,REQ-36-HIPAA","SOC 2,ISO 27001/2 (2022),ISO 27001/2 (2022),ISO 27001/2 (2022),SOC 1,HIPAA Security,SOC 2,ISO 27001/2 (2022),ISO 27001/2 (2022),ISO 27001/2 (2022),SOC 1,HIPAA Security,SOC 2,ISO 27001/2 (2022),ISO 27001/2 (2022),ISO 27001/2 (2022),SOC 1,HIPAA Security,SOC 2,ISO 27001/2 (2022),ISO 27001/2 (2022),ISO 27001/2 (2022),SOC 1,HIPAA Security",186
ER-194,Configuration,[Configuration] Data Encryption at Rest,Security,"REQ-34,REQ-33,A.05.14,A.05.33,A.08.24a,REQ-33-SOC1,REQ-34-SOC1,REQ-33-HIPAA,REQ-34-HIPAA,REQ-34,REQ-33,A.05.14,A.05.33,A.08.24a,REQ-33-SOC1,REQ-34-SOC1,REQ-33-HIPAA,REQ-34-HIPAA,REQ-34,REQ-33,A.05.14,A.05.33,A.08.24a,REQ-33-SOC1,REQ-34-SOC1,REQ-33-HIPAA,REQ-34-HIPAA","SOC 2,SOC 2,ISO 27001/2 (2022),ISO 27001/2 (2022),ISO 27001/2 (2022),SOC 1,SOC 1,HIPAA Security,HIPAA Security,SOC 2,SOC 2,ISO 27001/2 (2022),ISO 27001/2 (2022),ISO 27001/2 (2022),SOC 1,SOC 1,HIPAA Security,HIPAA Security,SOC 2,SOC 2,ISO 27001/2 (2022),ISO 27001/2 (2022),ISO 27001/2 (2022),SOC 1,SOC 1,HIPAA Security,HIPAA Security",187
ER-196,Policy,[Policy] Access Control,Security,"REQ-29,A.05.18a,A.05.35,A.05.36,A.08.34,REQ-29-SOC1,REQ-29-HIPAA,REQ-24,REQ-30,REQ-31,A.05.15,REQ-24-SOC1,REQ-24-HIPAA,REQ-30-HIPAA,REQ-30-SOC1,REQ-31-HIPAA,REQ-31-SOC1,A.05.16,REQ-29,A.05.18a,A.05.35,A.05.36,A.08.34,REQ-29-SOC1,REQ-29-HIPAA,REQ-29,A.05.18a,A.05.35,A.05.36,A.08.34,REQ-29-SOC1,REQ-29-HIPAA","SOC 2,ISO 27001/2 (2022),ISO 27001/2 (2022),ISO 27001/2 (2022),ISO 27001/2 (2022),SOC 1,HIPAA Security,SOC 2,SOC 2,SOC 2,ISO 27001/2 (2022),SOC 1,HIPAA Security,HIPAA Security,SOC 1,HIPAA Security,SOC 1,ISO 27001/2 (2022),SOC 2,ISO 27001/2 (2022),ISO 27001/2 (2022),ISO 27001/2 (2022),ISO 27001/2 (2022),SOC 1,HIPAA Security,SOC 2,ISO 27001/2 (2022),ISO 27001/2 (2022),ISO 27001/2 (2022),ISO 27001/2 (2022),SOC 1,HIPAA Security",188
ER-197,Configuration,"[Configuration] List of All Production Systems (Servers, VMs, Data Stores)",Security,"REQ-33,REQ-43,REQ-34,A.05.09,REQ-33-SOC1,REQ-34-SOC1,REQ-43-SOC1,REQ-33-HIPAA,REQ-34-HIPAA,REQ-43-HIPAA,REQ-102-HIPAA,REQ-33,REQ-43,REQ-34,A.05.09,REQ-33-SOC1,REQ-34-SOC1,REQ-43-SOC1,REQ-33-HIPAA,REQ-34-HIPAA,REQ-43-HIPAA,REQ-102-HIPAA,REQ-33,REQ-43,REQ-34,A.05.09,REQ-33-SOC1,REQ-34-SOC1,REQ-43-SOC1,REQ-33-HIPAA,REQ-34-HIPAA,REQ-43-HIPAA,REQ-102-HIPAA,REQ-33,REQ-43,REQ-34,A.05.09,REQ-33-SOC1,REQ-34-SOC1,REQ-43-SOC1,REQ-33-HIPAA,REQ-34-HIPAA,REQ-43-HIPAA,REQ-102-HIPAA,REQ-33,REQ-43,REQ-34,A.05.09,REQ-33-SOC1,REQ-34-SOC1,REQ-43-SOC1,REQ-33-HIPAA,REQ-34-HIPAA,REQ-43-HIPAA,REQ-102-HIPAA,REQ-102-HIPAA","SOC 2,SOC 2,SOC 2,ISO 27001/2 (2022),SOC 1,SOC 1,SOC 1,HIPAA Security,HIPAA Security,HIPAA Security,HIPAA Security,SOC 2,SOC 2,SOC 2,ISO 27001/2 (2022),SOC 1,SOC 1,SOC 1,HIPAA Security,HIPAA Security,HIPAA Security,HIPAA Security,SOC 2,SOC 2,SOC 2,ISO 27001/2 (2022),SOC 1,SOC 1,SOC 1,HIPAA Security,HIPAA Security,HIPAA Security,HIPAA Security,SOC 2,SOC 2,SOC 2,ISO 27001/2 (2022),SOC 1,SOC 1,SOC 1,HIPAA Security,HIPAA Security,HIPAA Security,HIPAA Security,SOC 2,SOC 2,SOC 2,ISO 27001/2 (2022),SOC 1,SOC 1,SOC 1,HIPAA Security,HIPAA Security,HIPAA Security,HIPAA Security,HIPAA Security",189
ER-198,Configuration,[Configuration] Evidence of Multi-Factor Authentication,Security,"REQ-27,A.05.17,A.08.05a,REQ-27-SOC1,REQ-27-HIPAA,REQ-27,A.05.17,A.08.05a,REQ-27-SOC1,REQ-27-HIPAA,REQ-27,A.05.17,A.08.05a,REQ-27-SOC1,REQ-27-HIPAA,REQ-27,A.05.17,A.08.05a,REQ-27-SOC1,REQ-27-HIPAA","SOC 2,ISO 27001/2 (2022),ISO 27001/2 (2022),SOC 1,HIPAA Security,SOC 2,ISO 27001/2 (2022),ISO 27001/2 (2022),SOC 1,HIPAA Security,SOC 2,ISO 27001/2 (2022),ISO 27001/2 (2022),SOC 1,HIPAA Security,SOC 2,ISO 27001/2 (2022),ISO 27001/2 (2022),SOC 1,HIPAA Security",190
ER-199,Configuration,[Configuration] Firewall Rules/Security Groups,Security,"A.08.20,A.08.21,A.08.22,REQ-37,REQ-37-HIPAA,REQ-37-SOC1,A.08.20,A.08.21,A.08.22,REQ-37,REQ-37-HIPAA,REQ-37-SOC1,A.08.20,A.08.21,A.08.22,REQ-37,REQ-37-HIPAA,REQ-37-SOC1,A.08.20,A.08.21,A.08.22,REQ-37,REQ-37-HIPAA,REQ-37-SOC1,A.08.20,A.08.21,A.08.22,REQ-37,REQ-37-HIPAA,REQ-37-SOC1,A.08.20,A.08.21,A.08.22,REQ-37,REQ-37-HIPAA,REQ-37-SOC1","ISO 27001/2 (2022),ISO 27001/2 (2022),ISO 27001/2 (2022),SOC 2,HIPAA Security,SOC 1,ISO 27001/2 (2022),ISO 27001/2 (2022),ISO 27001/2 (2022),SOC 2,HIPAA Security,SOC 1,ISO 27001/2 (2022),ISO 27001/2 (2022),ISO 27001/2 (2022),SOC 2,HIPAA Security,SOC 1,ISO 27001/2 (2022),ISO 27001/2 (2022),ISO 27001/2 (2022),SOC 2,HIPAA Security,SOC 1,ISO 27001/2 (2022),ISO 27001/2 (2022),ISO 27001/2 (2022),SOC 2,HIPAA Security,SOC 1,ISO 27001/2 (2022),ISO 27001/2 (2022),ISO 27001/2 (2022),SOC 2,HIPAA Security,SOC 1",191
ER-200,Configuration,[Configuration] AWS IAM Credential Report,Security,"A.05.16,REQ-28,REQ-28-HIPAA,REQ-28-SOC1,REQ-27,REQ-27-HIPAA,REQ-27-SOC1,A.08.18,A.05.16,REQ-28,REQ-28-HIPAA,REQ-28-SOC1,REQ-27,REQ-27-HIPAA,REQ-27-SOC1,A.08.18,A.05.16,REQ-28,REQ-28-HIPAA,REQ-28-SOC1,REQ-27,REQ-27-HIPAA,REQ-27-SOC1,A.08.18,A.05.16,REQ-28,REQ-28-HIPAA,REQ-28-SOC1,REQ-27,REQ-27-HIPAA,REQ-27-SOC1,A.08.18,A.05.16,REQ-28,REQ-28-HIPAA,REQ-28-SOC1,REQ-27,REQ-27-HIPAA,REQ-27-SOC1,A.08.18","ISO 27001/2 (2022),SOC 2,HIPAA Security,SOC 1,SOC 2,HIPAA Security,SOC 1,ISO 27001/2 (2022),ISO 27001/2 (2022),SOC 2,HIPAA Security,SOC 1,SOC 2,HIPAA Security,SOC 1,ISO 27001/2 (2022),ISO 27001/2 (2022),SOC 2,HIPAA Security,SOC 1,SOC 2,HIPAA Security,SOC 1,ISO 27001/2 (2022),ISO 27001/2 (2022),SOC 2,HIPAA Security,SOC 1,SOC 2,HIPAA Security,SOC 1,ISO 27001/2 (2022),ISO 27001/2 (2022),SOC 2,HIPAA Security,SOC 1,SOC 2,HIPAA Security,SOC 1,ISO 27001/2 (2022)",192
ER-201,Configuration,[Configuration] AWS Trusted Advisor Report,Security,"REQ-37,REQ-37-HIPAA,REQ-37-SOC1,REQ-37,REQ-37-HIPAA,REQ-37-SOC1,REQ-37,REQ-37-HIPAA,REQ-37-SOC1,REQ-37,REQ-37-HIPAA,REQ-37-SOC1,REQ-37,REQ-37-HIPAA,REQ-37-SOC1,REQ-37,REQ-37-HIPAA,REQ-37-SOC1","SOC 2,HIPAA Security,SOC 1,SOC 2,HIPAA Security,SOC 1,SOC 2,HIPAA Security,SOC 1,SOC 2,HIPAA Security,SOC 1,SOC 2,HIPAA Security,SOC 1,SOC 2,HIPAA Security,SOC 1",193
ER-202,Configuration,[Configuration] Evidence of Intrusion Detection (IDS) Dashboard with Events,Security,"REQ-40,A.08.20,A.08.21,A.08.22,REQ-40-SOC1,A.08.07,REQ-40,A.08.20,A.08.21,A.08.22,REQ-40-SOC1,A.08.07,REQ-40,A.08.20,A.08.21,A.08.22,REQ-40-SOC1,A.08.07,REQ-40,A.08.20,A.08.21,A.08.22,REQ-40-SOC1,A.08.07,REQ-40,A.08.20,A.08.21,A.08.22,REQ-40-SOC1,A.08.07,REQ-40,A.08.20,A.08.21,A.08.22,REQ-40-SOC1,A.08.07","SOC 2,ISO 27001/2 (2022),ISO 27001/2 (2022),ISO 27001/2 (2022),SOC 1,ISO 27001/2 (2022),SOC 2,ISO 27001/2 (2022),ISO 27001/2 (2022),ISO 27001/2 (2022),SOC 1,ISO 27001/2 (2022),SOC 2,ISO 27001/2 (2022),ISO 27001/2 (2022),ISO 27001/2 (2022),SOC 1,ISO 27001/2 (2022),SOC 2,ISO 27001/2 (2022),ISO 27001/2 (2022),ISO 27001/2 (2022),SOC 1,ISO 27001/2 (2022),SOC 2,ISO 27001/2 (2022),ISO 27001/2 (2022),ISO 27001/2 (2022),SOC 1,ISO 27001/2 (2022),SOC 2,ISO 27001/2 (2022),ISO 27001/2 (2022),ISO 27001/2 (2022),SOC 1,ISO 27001/2 (2022)",194
ER-205,Configuration,[Configuration] Encryption In Transit (Ex. TLS Protocols),Security,"REQ-35,REQ-33,A.05.14,A.05.33,A.08.24a,REQ-33-SOC1,REQ-35-SOC1,REQ-33-HIPAA,REQ-35-HIPAA,REQ-35,REQ-33,A.05.14,A.05.33,A.08.24a,REQ-33-SOC1,REQ-35-SOC1,REQ-33-HIPAA,REQ-35-HIPAA,REQ-35,REQ-33,A.05.14,A.05.33,A.08.24a,REQ-33-SOC1,REQ-35-SOC1,REQ-33-HIPAA,REQ-35-HIPAA","SOC 2,SOC 2,ISO 27001/2 (2022),ISO 27001/2 (2022),ISO 27001/2 (2022),SOC 1,SOC 1,HIPAA Security,HIPAA Security,SOC 2,SOC 2,ISO 27001/2 (2022),ISO 27001/2 (2022),ISO 27001/2 (2022),SOC 1,SOC 1,HIPAA Security,HIPAA Security,SOC 2,SOC 2,ISO 27001/2 (2022),ISO 27001/2 (2022),ISO 27001/2 (2022),SOC 1,SOC 1,HIPAA Security,HIPAA Security",195
ER-206,Configuration,[Configuration] Antimalware and Alerts,Security,"REQ-38,A.08.07,REQ-38-SOC1,REQ-38-HIPAA,REQ-38,A.08.07,REQ-38-SOC1,REQ-38-HIPAA,REQ-38,A.08.07,REQ-38-SOC1,REQ-38-HIPAA,REQ-38,A.08.07,REQ-38-SOC1,REQ-38-HIPAA,REQ-38,A.08.07,REQ-38-SOC1,REQ-38-HIPAA,REQ-38,A.08.07,REQ-38-SOC1,REQ-38-HIPAA","SOC 2,ISO 27001/2 (2022),SOC 1,HIPAA Security,SOC 2,ISO 27001/2 (2022),SOC 1,HIPAA Security,SOC 2,ISO 27001/2 (2022),SOC 1,HIPAA Security,SOC 2,ISO 27001/2 (2022),SOC 1,HIPAA Security,SOC 2,ISO 27001/2 (2022),SOC 1,HIPAA Security,SOC 2,ISO 27001/2 (2022),SOC 1,HIPAA Security",196
ER-207,Configuration,[Configuration] Evidence from Security Logging Dashboard,Security,"REQ-39,A.08.15,A.08.16,REQ-39-SOC1,REQ-39-HIPAA,REQ-39,A.08.15,A.08.16,REQ-39-SOC1,REQ-39-HIPAA,REQ-39,A.08.15,A.08.16,REQ-39-SOC1,REQ-39-HIPAA","SOC 2,ISO 27001/2 (2022),ISO 27001/2 (2022),SOC 1,HIPAA Security,SOC 2,ISO 27001/2 (2022),ISO 27001/2 (2022),SOC 1,HIPAA Security,SOC 2,ISO 27001/2 (2022),ISO 27001/2 (2022),SOC 1,HIPAA Security",197
ER-208,Configuration,[Configuration] Security Event Alerts,Security,"REQ-39,A.08.15,A.08.16,REQ-39-SOC1,REQ-39-HIPAA,REQ-39,A.08.15,A.08.16,REQ-39-SOC1,REQ-39-HIPAA,REQ-39,A.08.15,A.08.16,REQ-39-SOC1,REQ-39-HIPAA,REQ-39,A.08.15,A.08.16,REQ-39-SOC1,REQ-39-HIPAA","SOC 2,ISO 27001/2 (2022),ISO 27001/2 (2022),SOC 1,HIPAA Security,SOC 2,ISO 27001/2 (2022),ISO 27001/2 (2022),SOC 1,HIPAA Security,SOC 2,ISO 27001/2 (2022),ISO 27001/2 (2022),SOC 1,HIPAA Security,SOC 2,ISO 27001/2 (2022),ISO 27001/2 (2022),SOC 1,HIPAA Security",198
ER-209,Configuration,[Configuration] Evidence from Infrastructure Monitoring Dashboard(s),Security,"REQ-41,A.08.15,A.08.16,REQ-41-SOC1,REQ-41,A.08.15,A.08.16,REQ-41-SOC1,REQ-41,A.08.15,A.08.16,REQ-41-SOC1","SOC 2,ISO 27001/2 (2022),ISO 27001/2 (2022),SOC 1,SOC 2,ISO 27001/2 (2022),ISO 27001/2 (2022),SOC 1,SOC 2,ISO 27001/2 (2022),ISO 27001/2 (2022),SOC 1",199
ER-210,Configuration,[Configuration] Infrastructure Monitoring Alerts,Security,"REQ-41,A.08.15,A.08.16,REQ-41-SOC1,REQ-41,A.08.15,A.08.16,REQ-41-SOC1,REQ-41,A.08.15,A.08.16,REQ-41-SOC1,REQ-41,A.08.15,A.08.16,REQ-41-SOC1","SOC 2,ISO 27001/2 (2022),ISO 27001/2 (2022),SOC 1,SOC 2,ISO 27001/2 (2022),ISO 27001/2 (2022),SOC 1,SOC 2,ISO 27001/2 (2022),ISO 27001/2 (2022),SOC 1,SOC 2,ISO 27001/2 (2022),ISO 27001/2 (2022),SOC 1",200
ER-211,Policy,[Policy] Incident Response,Security,"REQ-49,A.05.24a,A.05.26,A.05.27,A.05.28,REQ-49-SOC1,REQ-48,REQ-48-SOC1,A.05.25,REQ-48-HIPAA,REQ-49,A.05.24a,A.05.26,A.05.27,A.05.28,REQ-49-SOC1,REQ-48,REQ-48-SOC1,A.05.25,REQ-48-HIPAA,REQ-49,A.05.24a,A.05.26,A.05.27,A.05.28,REQ-49-SOC1,REQ-48,REQ-48-SOC1,A.05.25,REQ-48-HIPAA","SOC 2,ISO 27001/2 (2022),ISO 27001/2 (2022),ISO 27001/2 (2022),ISO 27001/2 (2022),SOC 1,SOC 2,SOC 1,ISO 27001/2 (2022),HIPAA Security,SOC 2,ISO 27001/2 (2022),ISO 27001/2 (2022),ISO 27001/2 (2022),ISO 27001/2 (2022),SOC 1,SOC 2,SOC 1,ISO 27001/2 (2022),HIPAA Security,SOC 2,ISO 27001/2 (2022),ISO 27001/2 (2022),ISO 27001/2 (2022),ISO 27001/2 (2022),SOC 1,SOC 2,SOC 1,ISO 27001/2 (2022),HIPAA Security",201
ER-212,Configuration,[Configuration] Evidence of Branch Protection Rules for Production Repositories,Security,"REQ-54,REQ-57,A.05.03,A.08.31,REQ-54-SOC1,REQ-57-SOC1,REQ-54-HIPAA,REQ-57-HIPAA,REQ-54,REQ-57,A.05.03,A.08.31,REQ-54-SOC1,REQ-57-SOC1,REQ-54-HIPAA,REQ-57-HIPAA,REQ-54,REQ-57,A.05.03,A.08.31,REQ-54-SOC1,REQ-57-SOC1,REQ-54-HIPAA,REQ-57-HIPAA","SOC 2,SOC 2,ISO 27001/2 (2022),ISO 27001/2 (2022),SOC 1,SOC 1,HIPAA Security,HIPAA Security,SOC 2,SOC 2,ISO 27001/2 (2022),ISO 27001/2 (2022),SOC 1,SOC 1,HIPAA Security,HIPAA Security,SOC 2,SOC 2,ISO 27001/2 (2022),ISO 27001/2 (2022),SOC 1,SOC 1,HIPAA Security,HIPAA Security",202
ER-214,Configuration,[Configuration] Evidence from System Capacity Monitoring Dashboard,Availability,"REQ-64,A.08.06,A.08.16,REQ-64-SOC1,REQ-64,A.08.06,A.08.16,REQ-64-SOC1,REQ-64,A.08.06,A.08.16,REQ-64-SOC1,REQ-64,A.08.06,A.08.16,REQ-64-SOC1,REQ-64,A.08.06,A.08.16,REQ-64-SOC1","SOC 2,ISO 27001/2 (2022),ISO 27001/2 (2022),SOC 1,SOC 2,ISO 27001/2 (2022),ISO 27001/2 (2022),SOC 1,SOC 2,ISO 27001/2 (2022),ISO 27001/2 (2022),SOC 1,SOC 2,ISO 27001/2 (2022),ISO 27001/2 (2022),SOC 1,SOC 2,ISO 27001/2 (2022),ISO 27001/2 (2022),SOC 1",203
ER-216,Configuration,[Configuration] System Capacity Monitoring Alerts,Availability,"REQ-64,A.08.06,A.08.16,REQ-64-SOC1,REQ-64,A.08.06,A.08.16,REQ-64-SOC1,REQ-64,A.08.06,A.08.16,REQ-64-SOC1,REQ-64,A.08.06,A.08.16,REQ-64-SOC1,REQ-64,A.08.06,A.08.16,REQ-64-SOC1","SOC 2,ISO 27001/2 (2022),ISO 27001/2 (2022),SOC 1,SOC 2,ISO 27001/2 (2022),ISO 27001/2 (2022),SOC 1,SOC 2,ISO 27001/2 (2022),ISO 27001/2 (2022),SOC 1,SOC 2,ISO 27001/2 (2022),ISO 27001/2 (2022),SOC 1,SOC 2,ISO 27001/2 (2022),ISO 27001/2 (2022),SOC 1",204
ER-217,Configuration,[Configuration] Backups and Schedules,Availability,"REQ-62,REQ-63,A.05.29,A.05.30a,A.08.13a,A.08.14,REQ-62-SOC1,REQ-63-SOC1,REQ-62-HIPAA,REQ-63-HIPAA,REQ-62,REQ-63,A.05.29,A.05.30a,A.08.13a,A.08.14,REQ-62-SOC1,REQ-63-SOC1,REQ-62-HIPAA,REQ-63-HIPAA,REQ-62,REQ-63,A.05.29,A.05.30a,A.08.13a,A.08.14,REQ-62-SOC1,REQ-63-SOC1,REQ-62-HIPAA,REQ-63-HIPAA,REQ-62,REQ-63,A.05.29,A.05.30a,A.08.13a,A.08.14,REQ-62-SOC1,REQ-63-SOC1,REQ-62-HIPAA,REQ-63-HIPAA,REQ-62,REQ-63,A.05.29,A.05.30a,A.08.13a,A.08.14,REQ-62-SOC1,REQ-63-SOC1,REQ-62-HIPAA,REQ-63-HIPAA,REQ-62,REQ-63,A.05.29,A.05.30a,A.08.13a,A.08.14,REQ-62-SOC1,REQ-63-SOC1,REQ-62-HIPAA,REQ-63-HIPAA","SOC 2,SOC 2,ISO 27001/2 (2022),ISO 27001/2 (2022),ISO 27001/2 (2022),ISO 27001/2 (2022),SOC 1,SOC 1,HIPAA Security,HIPAA Security,SOC 2,SOC 2,ISO 27001/2 (2022),ISO 27001/2 (2022),ISO 27001/2 (2022),ISO 27001/2 (2022),SOC 1,SOC 1,HIPAA Security,HIPAA Security,SOC 2,SOC 2,ISO 27001/2 (2022),ISO 27001/2 (2022),ISO 27001/2 (2022),ISO 27001/2 (2022),SOC 1,SOC 1,HIPAA Security,HIPAA Security,SOC 2,SOC 2,ISO 27001/2 (2022),ISO 27001/2 (2022),ISO 27001/2 (2022),ISO 27001/2 (2022),SOC 1,SOC 1,HIPAA Security,HIPAA Security,SOC 2,SOC 2,ISO 27001/2 (2022),ISO 27001/2 (2022),ISO 27001/2 (2022),ISO 27001/2 (2022),SOC 1,SOC 1,HIPAA Security,HIPAA Security,SOC 2,SOC 2,ISO 27001/2 (2022),ISO 27001/2 (2022),ISO 27001/2 (2022),ISO 27001/2 (2022),SOC 1,SOC 1,HIPAA Security,HIPAA Security",205
ER-218,Operational,[Operational] BC/DR Plan,Security,"A.05.29,A.05.30a,A.08.13a,A.08.14,REQ-59,REQ-59-HIPAA,REQ-58,REQ-58-HIPAA,A.05.29,A.05.30a,A.08.13a,A.08.14,REQ-59,REQ-59-HIPAA,REQ-58,REQ-58-HIPAA,A.05.29,A.05.30a,A.08.13a,A.08.14,REQ-59,REQ-59-HIPAA,REQ-58,REQ-58-HIPAA,A.05.29,A.05.30a,A.08.13a,A.08.14,REQ-59,REQ-59-HIPAA,REQ-58,REQ-58-HIPAA,A.05.29,A.05.30a,A.08.13a,A.08.14,REQ-59,REQ-59-HIPAA,REQ-58,REQ-58-HIPAA,A.05.29,A.05.30a,A.08.13a,A.08.14,REQ-59,REQ-59-HIPAA,REQ-58,REQ-58-HIPAA","ISO 27001/2 (2022),ISO 27001/2 (2022),ISO 27001/2 (2022),ISO 27001/2 (2022),SOC 2,HIPAA Security,SOC 2,HIPAA Security,ISO 27001/2 (2022),ISO 27001/2 (2022),ISO 27001/2 (2022),ISO 27001/2 (2022),SOC 2,HIPAA Security,SOC 2,HIPAA Security,ISO 27001/2 (2022),ISO 27001/2 (2022),ISO 27001/2 (2022),ISO 27001/2 (2022),SOC 2,HIPAA Security,SOC 2,HIPAA Security,ISO 27001/2 (2022),ISO 27001/2 (2022),ISO 27001/2 (2022),ISO 27001/2 (2022),SOC 2,HIPAA Security,SOC 2,HIPAA Security,ISO 27001/2 (2022),ISO 27001/2 (2022),ISO 27001/2 (2022),ISO 27001/2 (2022),SOC 2,HIPAA Security,SOC 2,HIPAA Security,ISO 27001/2 (2022),ISO 27001/2 (2022),ISO 27001/2 (2022),ISO 27001/2 (2022),SOC 2,HIPAA Security,SOC 2,HIPAA Security",206
ER-219,Configuration,[Configuration] Replication,Availability,"REQ-62,REQ-63,A.05.29,A.05.30a,A.08.13a,A.08.14,REQ-62-SOC1,REQ-63-SOC1,REQ-62-HIPAA,REQ-63-HIPAA,REQ-62,REQ-63,A.05.29,A.05.30a,A.08.13a,A.08.14,REQ-62-SOC1,REQ-63-SOC1,REQ-62-HIPAA,REQ-63-HIPAA,REQ-62,REQ-63,A.05.29,A.05.30a,A.08.13a,A.08.14,REQ-62-SOC1,REQ-63-SOC1,REQ-62-HIPAA,REQ-63-HIPAA,REQ-62,REQ-63,A.05.29,A.05.30a,A.08.13a,A.08.14,REQ-62-SOC1,REQ-63-SOC1,REQ-62-HIPAA,REQ-63-HIPAA,REQ-62,REQ-63,A.05.29,A.05.30a,A.08.13a,A.08.14,REQ-62-SOC1,REQ-63-SOC1,REQ-62-HIPAA,REQ-63-HIPAA,REQ-62,REQ-63,A.05.29,A.05.30a,A.08.13a,A.08.14,REQ-62-SOC1,REQ-63-SOC1,REQ-62-HIPAA,REQ-63-HIPAA,REQ-62,REQ-63,A.05.29,A.05.30a,A.08.13a,A.08.14,REQ-62-SOC1,REQ-63-SOC1,REQ-62-HIPAA,REQ-63-HIPAA","SOC 2,SOC 2,ISO 27001/2 (2022),ISO 27001/2 (2022),ISO 27001/2 (2022),ISO 27001/2 (2022),SOC 1,SOC 1,HIPAA Security,HIPAA Security,SOC 2,SOC 2,ISO 27001/2 (2022),ISO 27001/2 (2022),ISO 27001/2 (2022),ISO 27001/2 (2022),SOC 1,SOC 1,HIPAA Security,HIPAA Security,SOC 2,SOC 2,ISO 27001/2 (2022),ISO 27001/2 (2022),ISO 27001/2 (2022),ISO 27001/2 (2022),SOC 1,SOC 1,HIPAA Security,HIPAA Security,SOC 2,SOC 2,ISO 27001/2 (2022),ISO 27001/2 (2022),ISO 27001/2 (2022),ISO 27001/2 (2022),SOC 1,SOC 1,HIPAA Security,HIPAA Security,SOC 2,SOC 2,ISO 27001/2 (2022),ISO 27001/2 (2022),ISO 27001/2 (2022),ISO 27001/2 (2022),SOC 1,SOC 1,HIPAA Security,HIPAA Security,SOC 2,SOC 2,ISO 27001/2 (2022),ISO 27001/2 (2022),ISO 27001/2 (2022),ISO 27001/2 (2022),SOC 1,SOC 1,HIPAA Security,HIPAA Security,SOC 2,SOC 2,ISO 27001/2 (2022),ISO 27001/2 (2022),ISO 27001/2 (2022),ISO 27001/2 (2022),SOC 1,SOC 1,HIPAA Security,HIPAA Security",207
ER-220,Policy,[Policy] Backups,Availability,"REQ-60,REQ-61,A.05.29,A.08.13a,REQ-60-SOC1,REQ-61-SOC1,REQ-60-HIPAA,REQ-61-HIPAA,REQ-60,REQ-61,A.05.29,A.08.13a,REQ-60-SOC1,REQ-61-SOC1,REQ-60-HIPAA,REQ-61-HIPAA,REQ-60,REQ-61,A.05.29,A.08.13a,REQ-60-SOC1,REQ-61-SOC1,REQ-60-HIPAA,REQ-61-HIPAA,REQ-60,REQ-61,A.05.29,A.08.13a,REQ-60-SOC1,REQ-61-SOC1,REQ-60-HIPAA,REQ-61-HIPAA,REQ-60,REQ-61,A.05.29,A.08.13a,REQ-60-SOC1,REQ-61-SOC1,REQ-60-HIPAA,REQ-61-HIPAA","SOC 2,SOC 2,ISO 27001/2 (2022),ISO 27001/2 (2022),SOC 1,SOC 1,HIPAA Security,HIPAA Security,SOC 2,SOC 2,ISO 27001/2 (2022),ISO 27001/2 (2022),SOC 1,SOC 1,HIPAA Security,HIPAA Security,SOC 2,SOC 2,ISO 27001/2 (2022),ISO 27001/2 (2022),SOC 1,SOC 1,HIPAA Security,HIPAA Security,SOC 2,SOC 2,ISO 27001/2 (2022),ISO 27001/2 (2022),SOC 1,SOC 1,HIPAA Security,HIPAA Security,SOC 2,SOC 2,ISO 27001/2 (2022),ISO 27001/2 (2022),SOC 1,SOC 1,HIPAA Security,HIPAA Security",208
ER-222,Operational,[Operational] New Hire Signed Code of Conduct,Security,"REQ-8,A.06.02,A.06.04,A.06.05,A.06.06,A.06.07,REQ-8-SOC1,REQ-8-HIPAA,REQ-8,A.06.02,A.06.04,A.06.05,A.06.06,A.06.07,REQ-8-SOC1,REQ-8-HIPAA,REQ-8,A.06.02,A.06.04,A.06.05,A.06.06,A.06.07,REQ-8-SOC1,REQ-8-HIPAA","SOC 2,ISO 27001/2 (2022),ISO 27001/2 (2022),ISO 27001/2 (2022),ISO 27001/2 (2022),ISO 27001/2 (2022),SOC 1,HIPAA Security,SOC 2,ISO 27001/2 (2022),ISO 27001/2 (2022),ISO 27001/2 (2022),ISO 27001/2 (2022),ISO 27001/2 (2022),SOC 1,HIPAA Security,SOC 2,ISO 27001/2 (2022),ISO 27001/2 (2022),ISO 27001/2 (2022),ISO 27001/2 (2022),ISO 27001/2 (2022),SOC 1,HIPAA Security",209
ER-223,Operational,[Operational] New Hire Signed Confidentiality Agreements,Security,"REQ-10,A.06.06,REQ-10-SOC1,REQ-10-HIPAA,REQ-10,A.06.06,REQ-10-SOC1,REQ-10-HIPAA,REQ-10,A.06.06,REQ-10-SOC1,REQ-10-HIPAA","SOC 2,ISO 27001/2 (2022),SOC 1,HIPAA Security,SOC 2,ISO 27001/2 (2022),SOC 1,HIPAA Security,SOC 2,ISO 27001/2 (2022),SOC 1,HIPAA Security",210
ER-224,Operational,[Operational] New Hire Background Check Reports,Security,"REQ-11,A.06.01,REQ-11-SOC1,REQ-11-HIPAA,REQ-11,A.06.01,REQ-11-SOC1,REQ-11-HIPAA,REQ-11,A.06.01,REQ-11-SOC1,REQ-11-HIPAA,REQ-11,A.06.01,REQ-11-SOC1,REQ-11-HIPAA,REQ-11,A.06.01,REQ-11-SOC1,REQ-11-HIPAA,REQ-11,A.06.01,REQ-11-SOC1,REQ-11-HIPAA","SOC 2,ISO 27001/2 (2022),SOC 1,HIPAA Security,SOC 2,ISO 27001/2 (2022),SOC 1,HIPAA Security,SOC 2,ISO 27001/2 (2022),SOC 1,HIPAA Security,SOC 2,ISO 27001/2 (2022),SOC 1,HIPAA Security,SOC 2,ISO 27001/2 (2022),SOC 1,HIPAA Security,SOC 2,ISO 27001/2 (2022),SOC 1,HIPAA Security",211
ER-225,Operational,[Operational] Risk Committee Meeting Minutes,Security,"REQ-4,REQ-3,09.03.01,REQ-3-SOC1,REQ-4-SOC1,REQ-4,REQ-3,09.03.01,REQ-3-SOC1,REQ-4-SOC1,REQ-4,REQ-3,09.03.01,REQ-3-SOC1,REQ-4-SOC1,REQ-4,REQ-3,09.03.01,REQ-3-SOC1,REQ-4-SOC1,REQ-4,REQ-3,09.03.01,REQ-3-SOC1,REQ-4-SOC1","SOC 2,SOC 2,ISO 27001/2 (2022),SOC 1,SOC 1,SOC 2,SOC 2,ISO 27001/2 (2022),SOC 1,SOC 1,SOC 2,SOC 2,ISO 27001/2 (2022),SOC 1,SOC 1,SOC 2,SOC 2,ISO 27001/2 (2022),SOC 1,SOC 1,SOC 2,SOC 2,ISO 27001/2 (2022),SOC 1,SOC 1",212
ER-226,Operational,[Operational] Current Employees Job Descriptions,Security,"REQ-15,A.05.02,A.05.03,A.05.04,REQ-15-SOC1,REQ-15-HIPAA,REQ-15,A.05.02,A.05.03,A.05.04,REQ-15-SOC1,REQ-15-HIPAA,REQ-15,A.05.02,A.05.03,A.05.04,REQ-15-SOC1,REQ-15-HIPAA,REQ-15,A.05.02,A.05.03,A.05.04,REQ-15-SOC1,REQ-15-HIPAA,REQ-15,A.05.02,A.05.03,A.05.04,REQ-15-SOC1,REQ-15-HIPAA","SOC 2,ISO 27001/2 (2022),ISO 27001/2 (2022),ISO 27001/2 (2022),SOC 1,HIPAA Security,SOC 2,ISO 27001/2 (2022),ISO 27001/2 (2022),ISO 27001/2 (2022),SOC 1,HIPAA Security,SOC 2,ISO 27001/2 (2022),ISO 27001/2 (2022),ISO 27001/2 (2022),SOC 1,HIPAA Security,SOC 2,ISO 27001/2 (2022),ISO 27001/2 (2022),ISO 27001/2 (2022),SOC 1,HIPAA Security,SOC 2,ISO 27001/2 (2022),ISO 27001/2 (2022),ISO 27001/2 (2022),SOC 1,HIPAA Security",213
ER-227,Operational,[Operational] Current Employee Security Awareness Training,Security,"REQ-13,A.06.03,REQ-13-SOC1,REQ-13-HIPAA,REQ-13,A.06.03,REQ-13-SOC1,REQ-13-HIPAA,REQ-13,A.06.03,REQ-13-SOC1,REQ-13-HIPAA","SOC 2,ISO 27001/2 (2022),SOC 1,HIPAA Security,SOC 2,ISO 27001/2 (2022),SOC 1,HIPAA Security,SOC 2,ISO 27001/2 (2022),SOC 1,HIPAA Security",214
ER-228,Operational,[Operational] Critical Vendor Agreements,Security,"REQ-22,A.05.14,A.05.20,A.05.21,A.05.22,REQ-22-SOC1,REQ-22-HIPAA,REQ-22,A.05.14,A.05.20,A.05.21,A.05.22,REQ-22-SOC1,REQ-22-HIPAA,REQ-22,A.05.14,A.05.20,A.05.21,A.05.22,REQ-22-SOC1,REQ-22-HIPAA,REQ-22,A.05.14,A.05.20,A.05.21,A.05.22,REQ-22-SOC1,REQ-22-HIPAA","SOC 2,ISO 27001/2 (2022),ISO 27001/2 (2022),ISO 27001/2 (2022),ISO 27001/2 (2022),SOC 1,HIPAA Security,SOC 2,ISO 27001/2 (2022),ISO 27001/2 (2022),ISO 27001/2 (2022),ISO 27001/2 (2022),SOC 1,HIPAA Security,SOC 2,ISO 27001/2 (2022),ISO 27001/2 (2022),ISO 27001/2 (2022),ISO 27001/2 (2022),SOC 1,HIPAA Security,SOC 2,ISO 27001/2 (2022),ISO 27001/2 (2022),ISO 27001/2 (2022),ISO 27001/2 (2022),SOC 1,HIPAA Security",215
ER-229,Operational,[Operational] Evidence of Vulnerability Scan Results,Security,"REQ-46,REQ-47,A.08.07,A.08.08a,REQ-46-SOC1,REQ-47-SOC1,REQ-46-HIPAA,REQ-47-HIPAA","SOC 2,SOC 2,ISO 27001/2 (2022),ISO 27001/2 (2022),SOC 1,SOC 1,HIPAA Security,HIPAA Security",216
ER-230,Operational,[Operational] Evidence of Vulnerability Scan Remediation,Security,"REQ-46,REQ-47,A.08.07,A.08.08a,REQ-46-SOC1,REQ-47-SOC1,REQ-46-HIPAA,REQ-47-HIPAA","SOC 2,SOC 2,ISO 27001/2 (2022),ISO 27001/2 (2022),SOC 1,SOC 1,HIPAA Security,HIPAA Security",217
ER-231,Operational,[Operational] Critical Vendor Assessments,Security,"REQ-23,A.05.22,REQ-23-SOC1,REQ-23-HIPAA,REQ-23,A.05.22,REQ-23-SOC1,REQ-23-HIPAA,REQ-23,A.05.22,REQ-23-SOC1,REQ-23-HIPAA,REQ-23,A.05.22,REQ-23-SOC1,REQ-23-HIPAA,REQ-23,A.05.22,REQ-23-SOC1,REQ-23-HIPAA","SOC 2,ISO 27001/2 (2022),SOC 1,HIPAA Security,SOC 2,ISO 27001/2 (2022),SOC 1,HIPAA Security,SOC 2,ISO 27001/2 (2022),SOC 1,HIPAA Security,SOC 2,ISO 27001/2 (2022),SOC 1,HIPAA Security,SOC 2,ISO 27001/2 (2022),SOC 1,HIPAA Security",218
ER-232,Operational,[Operational] Employee Termination Ticket,Security,"REQ-31,A.05.15,A.05.18a,A.08.03,A.06.05,A.06.06,REQ-31-SOC1,A.08.05a,REQ-31-HIPAA,A.05.16,REQ-31,A.05.15,A.05.18a,A.08.03,A.06.05,A.06.06,REQ-31-SOC1,A.08.05a,REQ-31-HIPAA,A.05.16,REQ-31,A.05.15,A.05.18a,A.08.03,A.06.05,A.06.06,REQ-31-SOC1,A.08.05a,REQ-31-HIPAA,A.05.16,REQ-31,A.05.15,A.05.18a,A.08.03,A.06.05,A.06.06,REQ-31-SOC1,A.08.05a,REQ-31-HIPAA,A.05.16,REQ-31,A.05.15,A.05.18a,A.08.03,A.06.05,A.06.06,REQ-31-SOC1,A.08.05a,REQ-31-HIPAA,A.05.16,REQ-31,A.05.15,A.05.18a,A.08.03,A.06.05,A.06.06,REQ-31-SOC1,A.08.05a,REQ-31-HIPAA,A.05.16","SOC 2,ISO 27001/2 (2022),ISO 27001/2 (2022),ISO 27001/2 (2022),ISO 27001/2 (2022),ISO 27001/2 (2022),SOC 1,ISO 27001/2 (2022),HIPAA Security,ISO 27001/2 (2022),SOC 2,ISO 27001/2 (2022),ISO 27001/2 (2022),ISO 27001/2 (2022),ISO 27001/2 (2022),ISO 27001/2 (2022),SOC 1,ISO 27001/2 (2022),HIPAA Security,ISO 27001/2 (2022),SOC 2,ISO 27001/2 (2022),ISO 27001/2 (2022),ISO 27001/2 (2022),ISO 27001/2 (2022),ISO 27001/2 (2022),SOC 1,ISO 27001/2 (2022),HIPAA Security,ISO 27001/2 (2022),SOC 2,ISO 27001/2 (2022),ISO 27001/2 (2022),ISO 27001/2 (2022),ISO 27001/2 (2022),ISO 27001/2 (2022),SOC 1,ISO 27001/2 (2022),HIPAA Security,ISO 27001/2 (2022),SOC 2,ISO 27001/2 (2022),ISO 27001/2 (2022),ISO 27001/2 (2022),ISO 27001/2 (2022),ISO 27001/2 (2022),SOC 1,ISO 27001/2 (2022),HIPAA Security,ISO 27001/2 (2022),SOC 2,ISO 27001/2 (2022),ISO 27001/2 (2022),ISO 27001/2 (2022),ISO 27001/2 (2022),ISO 27001/2 (2022),SOC 1,ISO 27001/2 (2022),HIPAA Security,ISO 27001/2 (2022)",219
ER-233,Operational,[Operational] Software/Infrastructure Production Change Ticket,Security,"REQ-55,REQ-56,A.08.32,REQ-55-SOC1,REQ-56-SOC1,REQ-55-HIPAA,REQ-55,REQ-56,A.08.32,REQ-55-SOC1,REQ-56-SOC1,REQ-55-HIPAA,REQ-55,REQ-56,A.08.32,REQ-55-SOC1,REQ-56-SOC1,REQ-55-HIPAA,REQ-55,REQ-56,A.08.32,REQ-55-SOC1,REQ-56-SOC1,REQ-55-HIPAA,REQ-55,REQ-56,A.08.32,REQ-55-SOC1,REQ-56-SOC1,REQ-55-HIPAA,REQ-55,REQ-56,A.08.32,REQ-55-SOC1,REQ-56-SOC1,REQ-55-HIPAA","SOC 2,SOC 2,ISO 27001/2 (2022),SOC 1,SOC 1,HIPAA Security,SOC 2,SOC 2,ISO 27001/2 (2022),SOC 1,SOC 1,HIPAA Security,SOC 2,SOC 2,ISO 27001/2 (2022),SOC 1,SOC 1,HIPAA Security,SOC 2,SOC 2,ISO 27001/2 (2022),SOC 1,SOC 1,HIPAA Security,SOC 2,SOC 2,ISO 27001/2 (2022),SOC 1,SOC 1,HIPAA Security,SOC 2,SOC 2,ISO 27001/2 (2022),SOC 1,SOC 1,HIPAA Security",220
ER-234,Policy,[Policy] Security Awareness Training,Security,"REQ-12,REQ-13,REQ-12-SOC1,REQ-13-SOC1,REQ-12-HIPAA,REQ-13-HIPAA,REQ-12,REQ-13,REQ-12-SOC1,REQ-13-SOC1,REQ-12-HIPAA,REQ-13-HIPAA,REQ-12,REQ-13,REQ-12-SOC1,REQ-13-SOC1,REQ-12-HIPAA,REQ-13-HIPAA","SOC 2,SOC 2,SOC 1,SOC 1,HIPAA Security,HIPAA Security,SOC 2,SOC 2,SOC 1,SOC 1,HIPAA Security,HIPAA Security,SOC 2,SOC 2,SOC 1,SOC 1,HIPAA Security,HIPAA Security",221
ER-235,Operational,[Operational] Listing of All Vendors and Their Criticality,Security,"REQ-22,REQ-23,A.05.21,A.05.22,REQ-22-SOC1,REQ-23-SOC1,REQ-23-HIPAA,REQ-22-HIPAA,REQ-995,REQ-995-HIPAA,REQ-995-SOC1,REQ-22,REQ-23,A.05.21,A.05.22,REQ-22-SOC1,REQ-23-SOC1,REQ-23-HIPAA,REQ-22-HIPAA,REQ-995,REQ-995-HIPAA,REQ-995-SOC1,REQ-22,REQ-23,A.05.21,A.05.22,REQ-22-SOC1,REQ-23-SOC1,REQ-23-HIPAA,REQ-22-HIPAA,REQ-995,REQ-995-HIPAA,REQ-995-SOC1,REQ-22,REQ-23,A.05.21,A.05.22,REQ-22-SOC1,REQ-23-SOC1,REQ-23-HIPAA,REQ-22-HIPAA,REQ-995,REQ-995-HIPAA,REQ-995-SOC1,REQ-22,REQ-23,A.05.21,A.05.22,REQ-22-SOC1,REQ-23-SOC1,REQ-23-HIPAA,REQ-22-HIPAA,REQ-995,REQ-995-HIPAA,REQ-995-SOC1","SOC 2,SOC 2,ISO 27001/2 (2022),ISO 27001/2 (2022),SOC 1,SOC 1,HIPAA Security,HIPAA Security,SOC 2,HIPAA Security,SOC 1,SOC 2,SOC 2,ISO 27001/2 (2022),ISO 27001/2 (2022),SOC 1,SOC 1,HIPAA Security,HIPAA Security,SOC 2,HIPAA Security,SOC 1,SOC 2,SOC 2,ISO 27001/2 (2022),ISO 27001/2 (2022),SOC 1,SOC 1,HIPAA Security,HIPAA Security,SOC 2,HIPAA Security,SOC 1,SOC 2,SOC 2,ISO 27001/2 (2022),ISO 27001/2 (2022),SOC 1,SOC 1,HIPAA Security,HIPAA Security,SOC 2,HIPAA Security,SOC 1,SOC 2,SOC 2,ISO 27001/2 (2022),ISO 27001/2 (2022),SOC 1,SOC 1,HIPAA Security,HIPAA Security,SOC 2,HIPAA Security,SOC 1",222
ER-236,Operational,[Operational] Example Access Request Form or Access Request Template,Security,"REQ-30,A.05.15,A.05.18a,A.08.03,A.08.05a,REQ-30-SOC1,REQ-30-HIPAA,A.05.16,REQ-30,A.05.15,A.05.18a,A.08.03,A.08.05a,REQ-30-SOC1,REQ-30-HIPAA,REQ-30,A.05.15,A.05.18a,A.08.03,A.08.05a,REQ-30-SOC1,REQ-30-HIPAA,REQ-30,A.05.15,A.05.18a,A.08.03,A.08.05a,REQ-30-SOC1,REQ-30-HIPAA,REQ-30,A.05.15,A.05.18a,A.08.03,A.08.05a,REQ-30-SOC1,REQ-30-HIPAA,REQ-30,A.05.15,A.05.18a,A.08.03,A.08.05a,REQ-30-SOC1,REQ-30-HIPAA","SOC 2,ISO 27001/2 (2022),ISO 27001/2 (2022),ISO 27001/2 (2022),ISO 27001/2 (2022),SOC 1,HIPAA Security,ISO 27001/2 (2022),SOC 2,ISO 27001/2 (2022),ISO 27001/2 (2022),ISO 27001/2 (2022),ISO 27001/2 (2022),SOC 1,HIPAA Security,SOC 2,ISO 27001/2 (2022),ISO 27001/2 (2022),ISO 27001/2 (2022),ISO 27001/2 (2022),SOC 1,HIPAA Security,SOC 2,ISO 27001/2 (2022),ISO 27001/2 (2022),ISO 27001/2 (2022),ISO 27001/2 (2022),SOC 1,HIPAA Security,SOC 2,ISO 27001/2 (2022),ISO 27001/2 (2022),ISO 27001/2 (2022),ISO 27001/2 (2022),SOC 1,HIPAA Security,SOC 2,ISO 27001/2 (2022),ISO 27001/2 (2022),ISO 27001/2 (2022),ISO 27001/2 (2022),SOC 1,HIPAA Security",223
ER-237,Operational,[Operational] Incident Ticket,Security,"REQ-50,A.05.28,REQ-50-SOC1,REQ-50-HIPAA,REQ-995,REQ-995-HIPAA,REQ-995-SOC1,REQ-50,A.05.28,REQ-50-SOC1,REQ-50-HIPAA,REQ-995,REQ-995-HIPAA,REQ-995-SOC1,REQ-50,A.05.28,REQ-50-SOC1,REQ-50-HIPAA,REQ-995,REQ-995-HIPAA,REQ-995-SOC1,REQ-50,A.05.28,REQ-50-SOC1,REQ-50-HIPAA,REQ-995,REQ-995-HIPAA,REQ-995-SOC1,REQ-50,A.05.28,REQ-50-SOC1,REQ-50-HIPAA,REQ-995,REQ-995-HIPAA,REQ-995-SOC1,REQ-50,A.05.28,REQ-50-SOC1,REQ-50-HIPAA,REQ-995,REQ-995-HIPAA,REQ-995-SOC1,REQ-50,A.05.28,REQ-50-SOC1,REQ-50-HIPAA,REQ-995,REQ-995-HIPAA,REQ-995-SOC1","SOC 2,ISO 27001/2 (2022),SOC 1,HIPAA Security,SOC 2,HIPAA Security,SOC 1,SOC 2,ISO 27001/2 (2022),SOC 1,HIPAA Security,SOC 2,HIPAA Security,SOC 1,SOC 2,ISO 27001/2 (2022),SOC 1,HIPAA Security,SOC 2,HIPAA Security,SOC 1,SOC 2,ISO 27001/2 (2022),SOC 1,HIPAA Security,SOC 2,HIPAA Security,SOC 1,SOC 2,ISO 27001/2 (2022),SOC 1,HIPAA Security,SOC 2,HIPAA Security,SOC 1,SOC 2,ISO 27001/2 (2022),SOC 1,HIPAA Security,SOC 2,HIPAA Security,SOC 1,SOC 2,ISO 27001/2 (2022),SOC 1,HIPAA Security,SOC 2,HIPAA Security,SOC 1",224
ER-378,Configuration,[Configuration] Badge Access Logging,Security - Physical Security,"REQ-68,REQ-68,REQ-68,REQ-68,REQ-68","SOC 2,SOC 2,SOC 2,SOC 2,SOC 2",361
ER-379,Operational,[Operational] Server Room Physical Security Measures,Security - Physical Security,"REQ-70,REQ-70,REQ-70,REQ-70,REQ-70,REQ-70,REQ-70,REQ-70,REQ-70","SOC 2,SOC 2,SOC 2,SOC 2,SOC 2,SOC 2,SOC 2,SOC 2,SOC 2",362
ER-381,Operational,[Operational] Server Room Visitor Admission Process,Security - Physical Security,"REQ-71,REQ-71,REQ-71,REQ-71,REQ-71,REQ-71","SOC 2,SOC 2,SOC 2,SOC 2,SOC 2,SOC 2",363
ER-382,Configuration,[Configuration] Privileged Access to the Badge System,Security - Physical Security,"REQ-69,REQ-69,REQ-69,REQ-69","SOC 2,SOC 2,SOC 2,SOC 2",364
ER-383,Policy,[Policy] Server Room Access Review,Security - Physical Security,"REQ-72,REQ-72","SOC 2,SOC 2",365
ER-384,Configuration,[Configuration] Server Room Access,Security - Physical Security,REQ-73,SOC 2,366
ER-385,Operational,[Operational] Server Room Environmental Security Measures,Security - Physical Security,"REQ-74,REQ-74,REQ-74,REQ-74,REQ-74,REQ-74,REQ-74,REQ-74,REQ-74","SOC 2,SOC 2,SOC 2,SOC 2,SOC 2,SOC 2,SOC 2,SOC 2,SOC 2",367
ER-386,Configuration,[Configuration] Server Room Environmental Monitoring & Alerting,Security - Physical Security,"REQ-75,REQ-75,REQ-75,REQ-75,REQ-75,REQ-75","SOC 2,SOC 2,SOC 2,SOC 2,SOC 2,SOC 2",368
ER-387,Policy,[Policy] Server Room Equipment Maintenance Policy or Schedule,Security - Physical Security,"REQ-76,REQ-76,REQ-76,REQ-76,REQ-76,REQ-76,REQ-76,REQ-76,REQ-76","SOC 2,SOC 2,SOC 2,SOC 2,SOC 2,SOC 2,SOC 2,SOC 2,SOC 2",369
ER-418,Policy,[Policy] Privacy Policy Availability,"Privacy - Data Controller,Privacy - Data Controller & Processor","REQ-77,REQ-78,REQ-80-C,REQ-81,REQ-83,REQ-92-C","SOC 2,SOC 2,SOC 2,SOC 2,SOC 2,SOC 2",399
ER-419,Operational,[Operational] Consent Collection,"Privacy - Data Controller,Privacy - Data Controller & Processor","REQ-82,REQ-92-C,REQ-82,REQ-92-C,REQ-82,REQ-92-C,REQ-82,REQ-92-C,REQ-82,REQ-92-C","SOC 2,SOC 2,SOC 2,SOC 2,SOC 2,SOC 2,SOC 2,SOC 2,SOC 2,SOC 2",400
ER-420,Operational,[Operational] New Purpose for Personal Data,"Privacy - Data Controller,Privacy - Data Controller & Processor","REQ-83,REQ-83,REQ-83,REQ-83,REQ-83","SOC 2,SOC 2,SOC 2,SOC 2,SOC 2",401
ER-421,Operational,[Operational] Personal Data Intake Form,"Privacy - Data Controller,Privacy - Data Controller & Processor","REQ-80-C,REQ-80-C","SOC 2,SOC 2",402
ER-422,Operational,[Operational] Collection Method Review,"Privacy - Data Controller,Privacy - Data Processor,Privacy - Data Controller & Processor",REQ-79,SOC 2,403
ER-423,Operational,[Operational] Request for Personal Information Deletion,"Privacy - Data Controller,Privacy - Data Processor,Privacy - Data Controller & Processor","REQ-88-C,REQ-88-P,REQ-88-C,REQ-88-P,REQ-88-C,REQ-88-P,REQ-88-C,REQ-88-P,REQ-88-C,REQ-88-P","SOC 2,SOC 2,SOC 2,SOC 2,SOC 2,SOC 2,SOC 2,SOC 2,SOC 2,SOC 2",404
ER-424,Operational,[Operational] Authenticate Data Requests,"Privacy - Data Controller,Privacy - Data Controller & Processor",REQ-85-C,SOC 2,405
ER-425,Operational,[Operational] Request for Personal Data Maintained,"Privacy - Data Controller,Privacy - Data Controller & Processor",REQ-84-C,SOC 2,406
ER-426,Policy,[Policy] Personal Data Request Denial,"Privacy - Data Controller,Privacy - Data Controller & Processor","REQ-87-C,REQ-87-C,REQ-87-C,REQ-87-C","SOC 2,SOC 2,SOC 2,SOC 2",407
ER-427,Policy,[Policy] Personal Data Provided Is Understandable,"Privacy - Data Controller,Privacy - Data Controller & Processor","REQ-89-C,REQ-89-C,REQ-89-C,REQ-89-C","SOC 2,SOC 2,SOC 2,SOC 2",408
ER-428,Operational,[Operational] Ability to Update Personal Data,"Privacy - Data Controller,Privacy - Data Controller & Processor",REQ-86-C,SOC 2,409
ER-429,Configuration,[Configuration] Personal Information Disclosed to Third Parties,"Privacy - Data Controller,Privacy - Data Processor,Privacy - Data Controller & Processor","REQ-92-C,REQ-92-P","SOC 2,SOC 2",410
ER-430,Policy,[Policy] Third-Party Personal Information Sharing Contract,"Privacy - Data Controller,Privacy - Data Processor,Privacy - Data Controller & Processor","REQ-93-C,REQ-94,REQ-95,REQ-92-P,REQ-93-P,REQ-93-C,REQ-94,REQ-95,REQ-92-P,REQ-93-P,REQ-93-C,REQ-94,REQ-95,REQ-92-P,REQ-93-P,REQ-93-C,REQ-94,REQ-95,REQ-92-P,REQ-93-P,REQ-93-C,REQ-94,REQ-95,REQ-92-P,REQ-93-P,REQ-92-P,REQ-93-P,REQ-92-P,REQ-93-P","SOC 2,SOC 2,SOC 2,SOC 2,SOC 2,SOC 2,SOC 2,SOC 2,SOC 2,SOC 2,SOC 2,SOC 2,SOC 2,SOC 2,SOC 2,SOC 2,SOC 2,SOC 2,SOC 2,SOC 2,SOC 2,SOC 2,SOC 2,SOC 2,SOC 2,SOC 2,SOC 2,SOC 2,SOC 2",411
ER-431,Operational,[Operational] Authorized Data Disclosure Tracking,"Privacy - Data Controller,Privacy - Data Processor,Privacy - Data Controller & Processor",REQ-90,SOC 2,412
ER-432,Operational,[Operational] Unauthorized Data Disclosure Tracking,"Privacy - Data Controller,Privacy - Data Processor,Privacy - Data Controller & Processor",REQ-91,SOC 2,413
ER-433,Operational,"[Operational] Tracking Personal Data Inquiries, Complaints, and Disputes",Privacy - Data Controller,REQ-96-C,SOC 2,414
ER-434,Operational,[Operational] Privacy Oversight Responsibility,"Privacy - Data Controller,Privacy - Data Processor,Privacy - Data Controller & Processor",REQ-78,SOC 2,415
ER-435,Operational,[Operational] Authenticate Data Requests,"Privacy - Data Processor,Privacy - Data Controller & Processor",REQ-85-P,SOC 2,416
ER-436,Configuration,[Configuration] Personal Data Maintained,"Privacy - Data Processor,Privacy - Data Controller & Processor","REQ-84-P,REQ-84-P,REQ-84-P,REQ-84-P,REQ-84-P,REQ-84-P","SOC 2,SOC 2,SOC 2,SOC 2,SOC 2,SOC 2",417
ER-437,Operational,[Operational] Assistance with Access and Correction Requests,"Privacy - Data Processor,Privacy - Data Controller & Processor","REQ-87-P,REQ-87-P,REQ-87-P,REQ-87-P","SOC 2,SOC 2,SOC 2,SOC 2",418
ER-443,Policy,[Policy] Personal Data Provided is Understandable,"Privacy - Data Processor,Privacy - Data Controller & Processor","REQ-89-P,REQ-89-P,REQ-89-P,REQ-89-P","SOC 2,SOC 2,SOC 2,SOC 2",424
ER-444,Operational,[Operational] Ability to Update Personal Data,"Privacy - Data Processor,Privacy - Data Controller & Processor",REQ-86-P,SOC 2,425
ER-445,Operational,"[Operational] Tracking Personal Data Inquiries, Complaints, and Disputes","Privacy - Data Processor,Privacy - Data Controller & Processor","REQ-96-P,REQ-97,REQ-96-P,REQ-97,REQ-96-P,REQ-97,REQ-96-P,REQ-97","SOC 2,SOC 2,SOC 2,SOC 2,SOC 2,SOC 2,SOC 2,SOC 2",426
ER-446,Policy,[Policy] Personal Information Processing,"Privacy - Data Processor,Privacy - Data Controller & Processor",REQ-80-P,SOC 2,427