References,SP 800-213A
Cross-Reference Creator,National Institute of Standards and Technology
AC,
AC-1,"DO:SMP(5e), DO:SMP(5f), DO:SMP(5g), DO:SMP(5h)"
AC-2,"LA:ROL(1), LA:ROL(2), LA:ROL(3), LA:ROL(4), LA:ROL(6), DO:DSC(2a), DO:MNT(1g), EA:CSC(3a), EA:CSC(3b), EA:CSC(3c)"
AC-2(1),LA:ROL(6)
AC-2(2),LA:ACF(1)
AC-2(3),"LA:ACF(1), LA:ACF(3)"
AC-2(4),
AC-2(5),LA:ACF(1)
AC-2(6),
AC-2(7),"LA:ROL(5), LA:ROL(6)"
AC-2(8),LA:ROL(7)
AC-2(9),
AC-2(11),
AC-2(12),
AC-2(13),
AC-3,"DI:AID(1), LA:ROL(1), LA:ROL(3), LA:ROL(9), LA:IFC(4), LA:IFC(5), LA:IFC(7), LA:IFC(9), LA:IFC(15), DO:SMP(8a), EA:CSC(2c), EA:CSC(3a), EA:CSC(3b), EA:CSC(3c), EA:RSP(1g)"
AC-3(2),
AC-3(3),
AC-3(4),
AC-3(5),
AC-3(7),"LA:ROL(2), LA:ROL(4), DO:SMP(3b), DO:SMP(5j), EA:RSP(1d), EA:RSP(1e), EA:RSP(1f)"
AC-3(8),LA:ACF(3)
AC-3(9),
AC-3(10),
AC-3(11),
AC-3(12),
AC-3(13),
AC-3(14),
AC-3(15),
AC-4,
AC-4(1),
AC-4(2),
AC-4(3),
AC-4(4),
AC-4(5),
AC-4(6),
AC-4(7),
AC-4(8),
AC-4(9),
AC-4(10),
AC-4(11),
AC-4(12),
AC-4(13),
AC-4(14),
AC-4(15),
AC-4(17),
AC-4(19),
AC-4(20),
AC-4(21),
AC-4(22),
AC-4(23),
AC-4(24),
AC-4(25),
AC-4(26),
AC-4(27),
AC-4(28),
AC-4(29),
AC-4(30),
AC-4(31),
AC-4(32),
AC-5,EA:RSP(1h)
AC-6,"LA:ROL(5), LA:IFC(4), LA:IFC(5), DO:DSC(4b)"
AC-6(1),
AC-6(2),
AC-6(3),
AC-6(4),
AC-6(5),
AC-6(6),
AC-6(7),
AC-6(8),
AC-6(9),
AC-6(10),
AC-7,LA:ACF(1)
AC-7(2),
AC-7(3),
AC-7(4),
AC-8,"LA:USE(1), LA:USE(2), LA:USE(3)"
AC-9,LA:ACF(1)
AC-9(1),
AC-9(2),
AC-9(3),
AC-9(4),
AC-10,"LA:LDU(2), LA:XCN(5)"
AC-11,
AC-11(1),
AC-12,
AC-12(1),
AC-12(2),
AC-12(3),
AC-14,DO:SMP(6a)
AC-16,
AC-16(1),
AC-16(2),
AC-16(3),
AC-16(4),
AC-16(5),
AC-16(6),
AC-16(7),
AC-16(8),
AC-16(9),
AC-16(10),
AC-17,"LA:ACF(2), LA:IFC(1)"
AC-17(1),
AC-17(2),
AC-17(3),
AC-17(4),LA:IFC(8)
AC-17(6),
AC-17(9),
AC-17(10),LA:AUN(4)
AC-18,"LA:IFC(13), LA:IFC(14), LA:IFC(15)"
AC-18(1),
AC-18(3),
AC-18(4),
AC-18(5),
AC-19,
AC-19(4),
AC-19(5),
AC-20,
AC-20(1),
AC-20(2),
AC-20(3),
AC-20(4),
AC-20(5),
AC-21,"LA:ROL(8), LA:LDU(1), LA:XCN(1), LA:XCN(2), LA:XCN(3)"
AC-21(1),
AC-21(2),
AC-22,
AC-23,
AC-24,
AC-24(1),
AC-24(2),
AC-25,
AT,
AT-1,"EA:CSC(2a), EA:CSC(2b), EA:RSP(1d), EA:RSP(1e)"
AT-2,"EA:CSC(2a), EA:CSC(2b), EA:CSC(3b), EA:CSC(3c)"
AT-2(1),
AT-2(2),
AT-2(3),
AT-2(4),
AT-2(5),
AT-2(6),
AT-3,"DO:SMP(5k), DO:SMP(5l), EA:EOL(1a), EA:EOL(1b), EA:RSP(1c), EA:RSP(1d), EA:RSP(1e), EA:RSP(1f), EA:RSP(1g), EA:EXP(1a)"
AT-3(1),
AT-3(2),
AT-3(3),
AT-3(5),
AT-4,
AT-6,
AU,
AU-1,"SU:UPD(2), DO:SMP(13c)"
AU-2,"DI:AID(2), CS:EIM(3), CS:LCT(1), CS:RDL(1), CS:RDL(2), CS:RDL(3), CS:RDL(4), CS:RDL(6), CS:SRT(4)"
AU-3,"CS:LCT(1), CS:RDL(1), CS:RDL(2), CS:RDL(5)"
AU-3(1),
AU-3(3),
AU-4,"CS:LSR(1), CS:RDL(6)"
AU-4(1),
AU-5,CS:EVR(7)
AU-5(1),"CS:RDL(7), CS:LSR(4)"
AU-5(2),
AU-5(3),
AU-5(4),
AU-5(5),"CS:RDL(7), CS:AUP(5)"
AU-6,"CS:EVR(3), CS:EVR(4), CS:AUP(1), CS:AUP(2), CS:AUP(4)"
AU-6(1),
AU-6(3),
AU-6(4),
AU-6(5),
AU-6(6),
AU-6(7),
AU-6(8),
AU-6(9),
AU-7,CS:AUP(3)
AU-7(1),
AU-8,"CS:SRT(1), CS:SRT(3), CS:SRT(4)"
AU-9,"CS:AUP(1), CS:AUP(2), CS:AUP(4), CS:AUP(6), CS:AUP(7), DO:SMP(8b)"
AU-9(1),
AU-9(2),
AU-9(3),
AU-9(4),
AU-9(5),
AU-9(6),
AU-9(7),
AU-10,
AU-10(1),
AU-10(2),
AU-10(3),
AU-10(4),
AU-11,"CS:AEI(2), CS:RDL(3), CS:LSR(2), CS:LSR(3)"
AU-11(1),
AU-12,CS:AEI(2)
AU-12(1),
AU-12(2),
AU-12(3),
AU-12(4),
AU-13,CS:EIM(5)
AU-13(1),
AU-13(2),
AU-13(3),
AU-14,
AU-14(1),
AU-14(3),
AU-16,
AU-16(1),
AU-16(2),
AU-16(3),
CA,
CA-1,
CA-2,
CA-2(1),
CA-2(2),
CA-2(3),
CA-3,
CA-3(6),
CA-3(7),
CA-5,
CA-5(1),
CA-6,
CA-6(1),
CA-6(2),
CA-7,"CS:EIM(1), CS:EIM(2), CS:EIM(4), CS:EIM(5), CS:EIM(6), CS:EIM(7), CS:EIM(8), CS:EIM(9), CS:EIM(10), DO:CAP(2c), DO:CAP(2f)"
CA-7(1),
CA-7(3),
CA-7(4),
CA-7(5),
CA-7(6),
CA-8,
CA-8(1),
CA-8(2),
CA-8(3),
CA-9,
CA-9(1),DS:DIN(1)
CM,
CM-1,"EA:CSC(2a), EA:CSC(2b)"
CM-2,"DC:CTL(1), DC:CTL(2), EA:CSC(2d)"
CM-2(2),
CM-2(3),SU:UPD(3)
CM-2(6),
CM-2(7),DS:OPS(4)
CM-3,"DC:CTL(1), SU:UPD(2), CS:EIM(7), EA:VMG(2a)"
CM-3(1),
CM-3(2),
CM-3(3),
CM-3(4),
CM-3(5),
CM-3(6),
CM-3(7),
CM-3(8),
CM-4,EA:VMG(1e)
CM-4(1),ID:CRI(2b)
CM-4(2),
CM-5,"DC:CTL(2), DC:CTL(4), LA:IFC(10), SU:UPD(1), SU:UPD(4), SU:UPD(5), EA:CSC(2c)"
CM-5(1),
CM-5(4),
CM-5(5),
CM-5(6),
CM-6,"DC:CTL(4), CS:EIM(7), DO:CAP(2g), DO:CAP(2h), EA:CSC(2d)"
CM-6(1),
CM-6(2),
CM-7,"LA:IFC(2), LA:IFC(3), LA:IFC(6), LA:IFC(13), LA:IFC(15), DS:OPS(8)"
CM-7(1),
CM-7(2),
CM-7(3),
CM-7(4),
CM-7(5),
CM-7(6),
CM-7(7),
CM-7(8),
CM-7(9),
CM-8,"DI:AID(3), DI:AID(4)"
CM-8(1),
CM-8(2),
CM-8(3),"DS:DIN(2), DS:DIN(4)"
CM-8(4),
CM-8(6),
CM-8(7),
CM-8(8),DI:AID(4)
CM-8(9),
CM-9,
CM-9(1),
CM-10,
CM-10(1),
CM-11,
CM-11(2),
CM-11(3),
CM-12,
CM-12(1),
CM-13,
CM-14,
CP,
CP-1,
CP-2,
CP-2(1),
CP-2(2),
CP-2(3),
CP-2(5),
CP-2(6),
CP-2(7),
CP-2(8),
CP-3,
CP-3(1),
CP-3(2),
CP-4,
CP-4(1),
CP-4(2),
CP-4(3),
CP-4(4),
CP-4(5),
CP-6,
CP-6(1),
CP-6(2),
CP-6(3),
CP-7,
CP-7(1),
CP-7(2),
CP-7(3),
CP-7(4),
CP-7(6),
CP-8,
CP-8(1),
CP-8(2),
CP-8(3),
CP-8(4),
CP-8(5),
CP-9,"DP:STO(3), EA:BAK(1a), EA:BAK(1b), EA:BAK(1c)"
CP-9(1),
CP-9(2),
CP-9(3),
CP-9(5),
CP-9(6),
CP-9(7),
CP-9(8),DP:STO(3)
CP-10,DS:OPS(3)
CP-10(2),
CP-10(4),
CP-10(6),
CP-11,
CP-12,"DS:RSC(6), DS:OPS(3), DS:OPS(4), DS:OPS(6)"
CP-13,CS:EVR(10)
IA,
IA-1,"DO:SMP(4d), DO:SMP(4e), DO:SMP(4f), IQ:QRY(4b)"
IA-2,"LA:AUN(1), LA:AUZ(1), LA:AUZ(2), CS:EIM(4), DO:DSC(1a), DO:DSC(1b), DO:DSC(1c)"
IA-2(1),"LA:AUN(2), DO:SMP(4b), DO:SMP(4c)"
IA-2(2),LA:AUN(2)
IA-2(5),
IA-2(6),
IA-2(8),
IA-2(10),
IA-2(12),
IA-2(13),
IA-3,"DI:IMS(1), DI:IMS(2), DI:AID(1), DI:AID(4), DI:DAS(1), DI:DAS(2), DO:DSC(1a), DO:DSC(1c)"
IA-3(1),"DS:ONB(1), DS:ONB(2)"
IA-3(3),
IA-3(4),
IA-4,"LA:ROL(3), DO:CAP(4a), DI:IMS(3), LA:ROL(1), EA:CSC(1a), EA:CSC(1b)"
IA-4(1),
IA-4(4),
IA-4(5),
IA-4(6),
IA-4(8),
IA-4(9),
IA-5,"DS:ONB(2), DS:ONB(3)"
IA-5(1),
IA-5(2),
IA-5(5),
IA-5(6),
IA-5(7),
IA-5(8),
IA-5(9),
IA-5(10),
IA-5(12),
IA-5(13),
IA-5(14),
IA-5(15),
IA-5(16),
IA-5(17),
IA-5(18),
IA-6,LA:AUN(3)
IA-7,
IA-8,LA:ACF(2)
IA-8(1),
IA-8(2),
IA-8(4),
IA-8(5),
IA-8(6),
IA-9,
IA-10,
IA-11,
IA-12,
IA-12(1),
IA-12(2),
IA-12(3),
IA-12(4),
IA-12(5),
IA-12(6),
IR,
IR-1,
IR-2,
IR-2(1),
IR-2(2),
IR-2(3),
IR-3,
IR-3(1),
IR-3(2),
IR-3(3),
IR-4,"CS:EVR(2), EA:VMG(1f)"
IR-4(1),
IR-4(2),
IR-4(3),
IR-4(4),
IR-4(5),DS:OPS(7)
IR-4(6),
IR-4(7),
IR-4(8),
IR-4(9),
IR-4(10),
IR-4(11),
IR-4(12),
IR-4(13),
IR-4(14),
IR-4(15),
IR-5,
IR-5(1),
IR-6,"ID:VNT(2a), ID:VNT(2b)"
IR-6(1),
IR-6(2),
IR-6(3),
IR-7,
IR-7(1),
IR-7(2),
IR-8,EA:VMG(1f)
IR-8(1),
IR-9,
IR-9(2),
IR-9(3),
IR-9(4),
MA,
MA-1,"DO:SMP(1f), DO:SMP(1g), DO:MNT(3a), ID:CRI(7a), ID:CRI(7b), EA:RSP(1a), EA:RSP(1b)"
MA-2,"DO:MNT(1a), DO:MNT(1b), DO:MNT(1c), DO:MNT(1h)"
MA-2(2),
MA-3,"DO:CAP(1a), DO:CAP(1b)"
MA-3(1),
MA-3(2),
MA-3(3),
MA-3(4),
MA-3(5),
MA-3(6),"EA:CSC(4a), EA:CSC(4b)"
MA-4,"DO:MNT(1h), DO:MNT(3b)"
MA-4(1),
MA-4(3),
MA-4(4),
MA-4(5),
MA-4(6),
MA-4(7),
MA-5,"DO:MNT(3c), DO:MNT(3d), DO:MNT(3e), DO:MNT(3f)"
MA-5(1),
MA-5(2),
MA-5(3),
MA-5(4),
MA-5(5),
MA-6,IQ:QRY(2b)
MA-6(1),
MA-6(2),
MA-6(3),
MA-7,
MP,
MP-1,
MP-2,
MP-3,
MP-4,
MP-4(2),
MP-5,
MP-5(3),
MP-6,"DP:STO(4), EA:EOL(1b)"
MP-6(1),
MP-6(2),
MP-6(3),
MP-6(7),
MP-6(8),
MP-7,
MP-7(2),
MP-8,
MP-8(1),
MP-8(2),
MP-8(3),
MP-8(4),
PE,
PE-1,
PE-2,
PE-2(1),
PE-2(2),
PE-2(3),
PE-3,"DO:SMP(2a), DO:SMP(2b), DO:SMP(2c)"
PE-3(1),
PE-3(2),
PE-3(3),
PE-3(4),
PE-3(5),
PE-3(7),
PE-3(8),
PE-4,
PE-5,
PE-5(2),
PE-6,"DO:SMP(2a), DO:SMP(2b), DO:SMP(2c)"
PE-6(1),
PE-6(2),
PE-6(3),
PE-6(4),
PE-8,
PE-8(1),
PE-8(3),
PE-9,
PE-9(1),
PE-9(2),
PE-10,DS:OPS(9)
PE-11,
PE-11(1),
PE-11(2),
PE-12,DS:OPS(9)
PE-12(1),
PE-13,DS:OPS(9)
PE-13(1),
PE-13(2),
PE-13(4),
PE-14,DS:OPS(9)
PE-14(1),
PE-14(2),
PE-15,DS:OPS(9)
PE-15(1),
PE-16,
PE-17,
PE-18,
PE-19,
PE-19(1),
PE-20,
PE-21,
PE-22,
PE-23,
PL,
PL-1,DO:SMP(3a)
PL-2,
PL-4,
PL-4(1),
PL-7,
PL-8,
PL-8(1),
PL-8(2),
PL-9,
PL-10,
PL-11,
PM,
PM-1,
PM-2,
PM-3,DO:SMP(12a)
PM-4,
PM-5,
PM-5(1),
PM-6,
PM-7,
PM-7(1),
PM-8,
PM-9,
PM-10,
PM-11,
PM-12,
PM-13,
PM-14,
PM-15,
PM-16,
PM-16(1),
PM-17,
PM-18,
PM-19,
PM-20,"DO:SMP(6b), IQ:QRY(4d)"
PM-20(1),
PM-21,
PM-22,
PM-23,
PM-24,
PM-25,
PM-26,"IQ:QRY(1b), IQ:QRY(2a), IQ:QRY(3a), IQ:QRY(4a), IQ:QRY(4c), IQ:QRY(4d), ID:CRI(6b)"
PM-27,
PM-28,
PM-29,
PM-30,
PM-30(1),
PM-31,
PM-32,
PS,
PS-1,
PS-2,
PS-3,
PS-3(1),
PS-3(2),
PS-3(3),
PS-3(4),
PS-4,
PS-4(1),
PS-4(2),
PS-5,
PS-6,DO:SMP(5i)
PS-6(2),
PS-6(3),
PS-7,
PS-8,
PS-9,
PT,
PT-1,
PT-2,
PT-2(1),
PT-2(2),
PT-3,
PT-3(1),
PT-3(2),
PT-4,
PT-4(1),DO:SMP(5c)
PT-4(2),
PT-4(3),
PT-5,"DO:SMP(5d), DO:SMP(6c), DO:SMP(14a), DO:SMP(14b), DO:SMP(14c), DO:SMP(14d), DO:SMP(14e), DO:SMP(14f), DO:SMP(14g), DO:SMP(14i), DO:SMP(14j), DO:SMP(14k), DO:SMP(14l)"
PT-5(1),
PT-5(2),
PT-6,
PT-6(1),
PT-6(2),
PT-7,
PT-7(1),
PT-7(2),
PT-8,
RA,
RA-1,
RA-2,
RA-2(1),
RA-3,"EA:EXP(1a), EA:VMG(1c)"
RA-3(1),
RA-3(2),
RA-3(3),
RA-3(4),
RA-5,DO:MNT(1i)
RA-5(2),
RA-5(3),
RA-5(4),
RA-5(5),
RA-5(6),
RA-5(8),
RA-5(10),
RA-5(11),
RA-6,
RA-7,"CS:EVR(8), CS:EVR(9), CS:EVR(1), CS:EVR(2), CS:EVR(3), CS:EVR(4), CS:EVR(5), CS:EVR(7), CS:EVR(10), CS:EVR(11)"
RA-8,
RA-9,ID:CRI(2c)
RA-10,
SA,
SA-1,"DO:SMP(10c), DO:SMP(10d)"
SA-2,DO:SMP(12a)
SA-3,"DO:DSC(4a), DO:DSC(4c)"
SA-3(1),
SA-3(2),
SA-3(3),
SA-4,"IQ:QRY(2a), ID:CRI(6b)"
SA-4(1),"DO:SMP(5a), DO:SMP(5b)"
SA-4(2),ID:CRI(6a)
SA-4(3),
SA-4(5),
SA-4(6),
SA-4(7),
SA-4(8),
SA-4(9),
SA-4(10),DO:SMP(4a)
SA-4(11),
SA-4(12),
SA-5,"DO:SMP(1a), DO:SMP(1g), DO:SMP(3a), DO:SMP(3b), DO:SMP(3c), DO:SMP(4d), DO:SMP(4e), DO:SMP(5a), DO:SMP(5b), DO:SMP(5c), DO:SMP(5e), DO:SMP(5h), DO:SMP(5j), DO:SMP(5k), DO:SMP(5l), DO:DSC(1a), DO:SMP(8a), DO:SMP(9a), DO:SMP(9c), DO:SMP(10d), DO:CAP(1b), DO:CAP(2a), DO:CAP(2b), DO:CAP(2c), DO:CAP(2d), DO:CAP(2e), DO:CAP(2f), DO:CAP(2g), DO:CAP(2h), DO:CAP(2i), DO:CAP(3a), DO:CAP(3b), DO:CAP(4a), DO:DSC(1b), DO:DSC(1c), DO:MNT(1a), DO:MNT(1b), DO:MNT(1c), DO:MNT(1d), DO:MNT(1e), DO:MNT(1f), DO:MNT(1g), DO:MNT(1h), DO:MNT(1i)"
SA-8,"DO:CAP(2g), DO:CAP(2h)"
SA-8(1),
SA-8(2),
SA-8(3),
SA-8(4),
SA-8(5),
SA-8(6),
SA-8(7),
SA-8(8),
SA-8(9),
SA-8(10),
SA-8(11),
SA-8(12),
SA-8(13),
SA-8(14),
SA-8(15),
SA-8(16),
SA-8(17),
SA-8(18),
SA-8(19),
SA-8(20),
SA-8(21),
SA-8(22),
SA-8(23),
SA-8(24),
SA-8(25),
SA-8(26),
SA-8(27),
SA-8(28),
SA-8(29),
SA-8(30),
SA-8(31),
SA-8(32),"DO:SMP(1a), DO:SMP(1b), DO:SMP(1d), DO:SMP(1e), DO:SMP(10a), DO:SMP(10b), DO:DSC(3a)"
SA-8(33),
SA-9,
SA-9(1),
SA-9(2),
SA-9(3),
SA-9(4),
SA-9(5),
SA-9(6),DP:KEY(1)
SA-9(7),
SA-9(8),
SA-10,
SA-10(1),ID:CRI(1a)
SA-10(2),
SA-10(3),
SA-10(4),
SA-10(5),
SA-10(6),
SA-10(7),
SA-11,
SA-11(1),
SA-11(2),
SA-11(3),
SA-11(4),
SA-11(5),
SA-11(6),
SA-11(7),
SA-11(8),
SA-11(9),
SA-15,
SA-15(1),
SA-15(2),
SA-15(3),
SA-15(5),
SA-15(6),
SA-15(7),
SA-15(8),
SA-15(10),
SA-15(11),
SA-15(12),
SA-16,
SA-17,
SA-17(1),
SA-17(2),
SA-17(3),
SA-17(4),
SA-17(5),
SA-17(6),
SA-17(7),
SA-17(8),
SA-17(9),
SA-20,
SA-21,
SA-22,"ID:CRI(3a), ID:CRI(3b), ID:CRI(3c)"
SA-23,
SC,
SC-1,
SC-2,"LA:ROL(4), DS:EXE(2), DS:EXE(3)"
SC-2(1),
SC-2(2),
SC-3,
SC-3(1),
SC-3(2),
SC-3(3),
SC-3(4),
SC-3(5),
SC-4,DS:RSC(1)
SC-4(2),
SC-5,"DS:RSC(5), DS:RSC(8)"
SC-5(1),
SC-5(2),
SC-5(3),
SC-6,
SC-7,"CS:EIM(6), DS:COM(1), DS:ONB(4)"
SC-7(3),
SC-7(4),
SC-7(5),
SC-7(7),
SC-7(8),
SC-7(9),DS:COM(2)
SC-7(10),
SC-7(11),
SC-7(12),
SC-7(13),
SC-7(14),
SC-7(15),
SC-7(16),
SC-7(17),
SC-7(18),
SC-7(19),
SC-7(20),
SC-7(21),
SC-7(22),
SC-7(23),
SC-7(24),
SC-7(25),
SC-7(26),
SC-7(27),
SC-7(28),
SC-7(29),
SC-8,"DP:STX(2), DP:STX(4), LA:XCN(1), DS:COM(7)"
SC-8(1),"DP:STX(1), DP:STX(3)"
SC-8(2),
SC-8(3),
SC-8(4),
SC-8(5),
SC-10,"DS:COM(5), DS:COM(3), DS:COM(4)"
SC-11,DS:COM(6)
SC-11(1),
SC-12,DP:KEY(1)
SC-12(1),
SC-12(2),
SC-12(3),
SC-12(6),DP:KEY(1)
SC-13,"DP:CRY(1), DP:CRY(2), DP:CRY(3), DP:CRY(4), DP:CRY(5), DP:KEY(1)"
SC-15,"CS:EIM(8), CS:EIM(9), CS:EVR(5)"
SC-15(1),
SC-15(3),
SC-15(4),
SC-16,"DS:ONB(1), DS:ONB(3)"
SC-16(1),
SC-16(2),DS:COM(11)
SC-16(3),
SC-17,DP:CRY(2)
SC-18,
SC-18(1),
SC-18(2),
SC-18(3),
SC-18(4),
SC-18(5),
SC-20,
SC-20(2),
SC-21,DS:COM(8)
SC-22,
SC-23,"DS:COM(7), DS:COM(9), DS:COM(10)"
SC-23(1),
SC-23(3),
SC-23(5),
SC-24,"DS:RSC(6), DS:OPS(3), DS:OPS(5), DS:OPS(6), DS:OPS(8)"
SC-25,
SC-26,
SC-27,
SC-28,"DP:STO(1), DP:STO(2)"
SC-28(1),
SC-28(2),
SC-28(3),
SC-29,
SC-29(1),
SC-30,
SC-30(2),
SC-30(3),
SC-30(4),
SC-30(5),
SC-31,
SC-31(1),
SC-31(2),
SC-31(3),
SC-32,
SC-32(1),
SC-34,"DS:RSC(7), DS:DIN(5)"
SC-34(1),
SC-34(2),
SC-35,
SC-36,
SC-36(1),
SC-36(2),
SC-37,
SC-37(1),
SC-38,
SC-39,"DS:EXE(1), DS:RSC(2), DS:RSC(3), DS:RSC(4)"
SC-39(1),
SC-39(2),
SC-40,
SC-40(1),
SC-40(2),
SC-40(3),
SC-40(4),
SC-41,
SC-42,"CS:EIM(10), CS:EVR(6)"
SC-42(1),
SC-42(2),
SC-42(4),
SC-42(5),
SC-43,
SC-44,
SC-45,"DS:OPS(1), DS:OPS(2)"
SC-45(1),"CS:SRT(2), DS:OPS(2)"
SC-45(2),
SC-46,
SC-47,
SC-48,
SC-48(1),
SC-49,
SC-50,
SC-51,"DS:COM(3), DS:RSC(9)"
SI,
SI-1,"DO:SMP(9b), DO:SMP(11a), DO:MNT(1d)"
SI-2,"SU:APP(1), SU:APP(2), SU:APP(3), IQ:BUG(1a), IQ:BUG(1b), IQ:BUG(1c), IQ:BUG(1d), IQ:BUG(1e), ID:CRI(2a), EA:CSC(4a), EA:CSC(4b), EA:VMG(2a), EA:VMG(2b)"
SI-2(2),
SI-2(3),
SI-2(4),
SI-2(5),
SI-2(6),
SI-3,"EA:VMG(1a), EA:VMG(1b), EA:VMG(1d), EA:VMG(1g)"
SI-3(4),
SI-3(6),
SI-3(8),
SI-3(10),
SI-4,"DI:AID(2), CS:AEI(1), CS:EIM(1), CS:EIM(2), CS:EIM(7), CS:EIM(11), CS:EIM(12), CS:EVR(1), CS:EVR(8), CS:EVR(9), CS:AUP(1), CS:AUP(2), DO:SMP(3c), DO:SMP(7a), DO:SMP(7b), DO:CAP(2a), DO:CAP(2b), DO:CAP(2d), DO:CAP(2e), DO:MNT(1e), DO:MNT(1f)"
SI-4(1),
SI-4(2),
SI-4(3),
SI-4(4),
SI-4(5),
SI-4(7),
SI-4(9),
SI-4(10),
SI-4(11),
SI-4(12),
SI-4(13),
SI-4(14),
SI-4(15),
SI-4(16),
SI-4(17),
SI-4(18),
SI-4(19),
SI-4(20),
SI-4(21),
SI-4(22),
SI-4(23),
SI-4(24),
SI-4(25),
SI-5,"DO:CAP(2i), IQ:QRY(1a), ID:CRI(5a), ID:CRI(5b), ID:CRI(5c)"
SI-5(1),"ID:CRI(4a), ID:CRI(4b)"
SI-6,DS:OPS(7)
SI-6(2),
SI-6(3),
SI-7,"DO:SMP(8a), DO:SMP(9a), DO:CAP(3a), DO:CAP(3b)"
SI-7(1),
SI-7(2),
SI-7(3),
SI-7(5),
SI-7(6),
SI-7(7),SU:UPD(6)
SI-7(8),SU:UPD(7)
SI-7(9),
SI-7(10),
SI-7(12),
SI-7(15),
SI-7(16),
SI-7(17),
SI-8,
SI-8(2),
SI-8(3),
SI-10,
SI-10(1),
SI-10(2),
SI-10(3),
SI-10(4),
SI-10(5),
SI-10(6),DS:COM(12)
SI-11,
SI-12,"DO:SMP(9c), EA:EOL(1a)"
SI-12(1),
SI-12(2),
SI-12(3),"DO:MNT(2a), DO:MNT(2b)"
SI-13,
SI-13(1),
SI-13(3),
SI-13(4),
SI-13(5),
SI-14,
SI-14(1),
SI-14(2),
SI-14(3),DS:COM(4)
SI-15,"LA:IFC(11), LA:IFC(12)"
SI-16,
SI-17,DS:RSC(6)
SI-18,
SI-18(1),
SI-18(2),
SI-18(3),
SI-18(4),
SI-18(5),
SI-19,
SI-19(1),
SI-19(2),
SI-19(3),
SI-19(4),
SI-19(5),
SI-19(6),
SI-19(7),
SI-19(8),
SI-20,
SI-21,"DO:SMP(9d), DO:SMP(9e)"
SI-22,
SI-23,
SR,
SR-1,
SR-2,
SR-2(1),
SR-3,"DO:SMP(13a), DO:SMP(13b), DO:SMP(13c), DO:SMP(13d), DO:SMP(13e), DO:SMP(13f), DO:DSC(5a), DO:DSC(5b), DO:DSC(5c), DO:DSC(5d), DO:DSC(5e)"
SR-3(1),
SR-3(2),"DO:DSC(5a), DO:DSC(5b), DO:DSC(5c), DO:DSC(5d), DO:DSC(5e)"
SR-3(3),"DO:DSC(5a), DO:DSC(5b), DO:DSC(5c), DO:DSC(5d), DO:DSC(5e)"
SR-4,"DO:DSC(5a), DO:DSC(5b), DO:DSC(5d), DO:DSC(5e)"
SR-4(1),
SR-4(2),
SR-4(3),
SR-4(4),
SR-5,"DO:SMP(11b), DO:SMP(11c)"
SR-5(1),
SR-5(2),
SR-6,
SR-6(1),
SR-7,
SR-8,"DO:DSC(5a), DO:DSC(5b), DO:DSC(5c), DO:DSC(5d), DO:DSC(5e), ID:CRI(1b), ID:CRI(1c), ID:VNT(1a)"
SR-9,DS:DIN(3)
SR-9(1),DS:DIN(3)
SR-10,
SR-11,
SR-11(1),
SR-11(2),"DC:CTL(1), DC:CTL(3)"
SR-11(3),
SR-12,
,